1,Bulbasaur   ,Planta   ,Venenoso ,318,45,49,49,65,65,45,1,0,Verde   ,    0.71 ,   6.90 ,45,0
2,Ivysaur     ,Planta   ,Venenoso ,405,60,62,63,80,80,60,1,0,Verde   ,    0.99 ,  13.00 ,45,0
3,Venusaur    ,Planta   ,Venenoso ,525,80,82,83,100,100,80,1,0,Verde   ,    2.01 , 100.00 ,45,0
4,Charmander  ,Fogo     ,NULL     ,309,39,52,43,60,50,65,1,0,Vermelho     ,    0.61 ,   8.50 ,45,0
5,Charmeleon  ,Fogo     ,NULL     ,405,58,64,58,80,65,80,1,0,Vermelho     ,    1.09 ,  19.00 ,45,0
6,Charizard   ,Fogo     ,Voador   ,534,78,84,78,109,85,100,1,0,Vermelho     ,    1.70 ,  90.50 ,45,0
7,Squirtle    ,Água    ,NULL     ,314,44,48,65,50,64,43,1,0,Azul    ,    0.51 ,   9.00 ,45,0
8,Wartortle   ,Água    ,NULL     ,405,59,63,80,65,80,58,1,0,Azul    ,    0.99 ,  22.50 ,45,0
9,Blastoise   ,Água    ,NULL     ,530,79,83,100,85,105,78,1,0,Azul    ,    1.60 ,  85.50 ,45,0
10,Caterpie    ,Inseto      ,NULL     ,195,45,30,35,20,20,45,1,0,Verde   ,    0.30 ,   2.90 ,255,0
11,Metapod     ,Inseto      ,NULL     ,205,50,20,55,25,25,30,1,0,Verde   ,    0.71 ,   9.90 ,120,0
12,Butterfree  ,Inseto      ,Voador   ,395,60,45,50,90,80,70,1,0,Branco   ,    1.09 ,  32.00 ,45,0
13,Weedle      ,Inseto      ,Venenoso ,195,40,35,30,20,20,50,1,0,Marrom  ,    0.30 ,   3.20 ,255,0
14,Kakuna      ,Inseto      ,Venenoso ,205,45,25,50,25,25,35,1,0,Amarelo ,    0.61 ,  10.00 ,120,0
15,Beedrill    ,Inseto      ,Venenoso ,395,65,90,40,45,80,75,1,0,Amarelo ,    0.99 ,  29.50 ,45,0
16,Pidgey      ,Normal   ,Voador   ,251,40,45,40,35,35,56,1,0,Marrom  ,    0.30 ,   1.80 ,255,0
17,Pidgeotto   ,Normal   ,Voador   ,349,63,60,55,50,50,71,1,0,Marrom  ,    1.09 ,  30.00 ,120,0
18,Pidgeot     ,Normal   ,Voador   ,479,83,80,75,70,70,101,1,0,Marrom  ,    1.50 ,  39.50 ,45,0
19,Rattata     ,Normal   ,NULL     ,253,30,56,35,25,35,72,1,0,Roxo    ,    0.30 ,   3.50 ,255,0
20,Raticate    ,Normal   ,NULL     ,413,55,81,60,50,70,97,1,0,Marrom  ,    0.71 ,  18.50 ,127,0
21,Spearow     ,Normal   ,Voador   ,262,40,60,30,31,31,70,1,0,Marrom  ,    0.30 ,   2.00 ,255,0
22,Fearow      ,Normal   ,Voador   ,442,65,90,65,61,61,100,1,0,Marrom  ,    1.19 ,  38.00 ,90,0
23,Ekans       ,Venenoso ,NULL     ,288,35,60,44,40,54,55,1,0,Roxo    ,    2.01 ,   6.90 ,255,0
24,Arbok       ,Venenoso ,NULL     ,438,60,85,69,65,79,80,1,0,Roxo    ,    3.51 ,  65.00 ,90,0
25,Pikachu     ,Elétrico ,NULL     ,320,35,55,40,50,50,90,1,0,Amarelo ,    0.41 ,   6.00 ,190,0
26,Raichu      ,Elétrico ,NULL     ,485,60,90,55,90,80,110,1,0,Amarelo ,    0.79 ,  30.00 ,75,0
27,Sandshrew   ,Terra    ,NULL     ,300,50,75,85,20,30,40,1,0,Amarelo ,    0.61 ,  12.00 ,255,0
28,Sandslash   ,Terra    ,NULL     ,450,75,100,110,45,55,65,1,0,Amarelo ,    0.99 ,  29.50 ,90,0
29,Nidoran♀    ,Venenoso ,NULL     ,275,55,47,52,40,40,41,1,0,Azul    ,    0.41 ,   7.00 ,235,0
30,Nidorina    ,Venenoso ,NULL     ,365,70,62,67,55,55,56,1,0,Azul    ,    0.79 ,  20.00 ,120,0
31,Nidoqueen   ,Venenoso ,Terra    ,505,90,92,87,75,85,76,1,0,Azul    ,    1.30 ,  60.00 ,45,0
32,Nidoran♂    ,Venenoso ,NULL     ,273,46,57,40,40,40,50,1,0,Roxo    ,    0.51 ,   9.00 ,235,0
33,Nidorino    ,Venenoso ,NULL     ,365,61,72,57,55,55,65,1,0,Roxo    ,    0.89 ,  19.50 ,120,0
34,Nidoking    ,Venenoso ,Terra    ,505,81,102,77,85,75,85,1,0,Roxo    ,    1.40 ,  62.00 ,45,0
35,Clefairy    ,Fada     ,NULL     ,323,70,45,48,60,65,35,1,0,Rosa    ,    0.61 ,   7.50 ,150,0
36,Clefable    ,Fada     ,NULL     ,483,95,70,73,95,90,60,1,0,Rosa    ,    1.30 ,  40.00 ,25,0
37,Vulpix      ,Fogo     ,NULL     ,299,38,41,40,50,65,65,1,0,Marrom  ,    0.61 ,   9.90 ,190,0
38,Ninetales   ,Fogo     ,NULL     ,505,73,76,75,81,100,100,1,0,Amarelo ,    1.09 ,  19.90 ,75,0
39,Jigglypuff  ,Normal   ,Fada     ,270,115,45,20,45,25,20,1,0,Rosa    ,    0.51 ,   5.50 ,170,0
40,Wigglytuff  ,Normal   ,Fada     ,435,140,70,45,85,50,45,1,0,Rosa    ,    0.99 ,  12.00 ,50,0
41,Zubat       ,Venenoso ,Voador   ,245,40,45,35,30,40,55,1,0,Roxo    ,    0.79 ,   7.50 ,255,0
42,Golbat      ,Venenoso ,Voador   ,455,75,80,70,65,75,90,1,0,Roxo    ,    1.60 ,  55.00 ,90,0
43,Oddish      ,Planta   ,Venenoso ,320,45,50,55,75,65,30,1,0,Azul    ,    0.51 ,   5.40 ,255,0
44,Gloom       ,Planta   ,Venenoso ,395,60,65,70,85,75,40,1,0,Azul    ,    0.79 ,   8.60 ,120,0
45,Vileplume   ,Planta   ,Venenoso ,490,75,80,85,110,90,50,1,0,Vermelho     ,    1.19 ,  18.60 ,45,0
46,Paras       ,Inseto      ,Planta   ,285,35,70,55,45,55,25,1,0,Vermelho     ,    0.30 ,   5.40 ,190,0
47,Parasect    ,Inseto      ,Planta   ,405,60,95,80,60,80,30,1,0,Vermelho     ,    0.99 ,  29.50 ,75,0
48,Venonat     ,Inseto      ,Venenoso ,305,60,55,50,40,55,45,1,0,Roxo    ,    0.99 ,  30.00 ,190,0
49,Venomoth    ,Inseto      ,Venenoso ,450,70,65,60,90,75,90,1,0,Roxo    ,    1.50 ,  12.50 ,75,0
50,Diglett     ,Terra    ,NULL     ,265,10,55,25,35,45,95,1,0,Marrom  ,    0.20 ,   0.80 ,255,0
51,Dugtrio     ,Terra    ,NULL     ,405,35,80,50,50,70,120,1,0,Marrom  ,    0.71 ,  33.30 ,50,0
52,Meowth      ,Normal   ,NULL     ,290,40,45,35,40,40,90,1,0,Amarelo ,    0.41 ,   4.20 ,255,0
53,Persian     ,Normal   ,NULL     ,440,65,70,60,65,65,115,1,0,Amarelo ,    0.99 ,  32.00 ,90,0
54,Psyduck     ,Água    ,NULL     ,320,50,52,48,65,50,55,1,0,Amarelo ,    0.79 ,  19.60 ,190,0
55,Golduck     ,Água    ,NULL     ,500,80,82,78,95,80,85,1,0,Azul    ,    1.70 ,  76.60 ,75,0
56,Mankey      ,Lutador  ,NULL     ,305,40,80,35,35,45,70,1,0,Marrom  ,    0.51 ,  28.00 ,190,0
57,Primeape    ,Lutador  ,NULL     ,455,65,105,60,60,70,95,1,0,Marrom  ,    0.99 ,  32.00 ,75,0
58,Growlithe   ,Fogo     ,NULL     ,350,55,70,45,70,50,60,1,0,Marrom  ,    0.71 ,  19.00 ,190,0
59,Arcanine    ,Fogo     ,NULL     ,555,90,110,80,100,80,95,1,0,Marrom  ,    1.91 , 155.00 ,75,0
60,Poliwag     ,Água    ,NULL     ,300,40,50,40,40,40,90,1,0,Azul    ,    0.61 ,  12.40 ,255,0
61,Poliwhirl   ,Água    ,NULL     ,385,65,65,65,50,50,90,1,0,Azul    ,    0.99 ,  20.00 ,120,0
62,Poliwrath   ,Água    ,Lutador  ,510,90,95,95,70,90,70,1,0,Azul    ,    1.30 ,  54.00 ,45,0
63,Abra        ,Psíquico  ,NULL     ,310,25,20,15,105,55,90,1,0,Marrom  ,    0.89 ,  19.50 ,200,0
64,Kadabra     ,Psíquico  ,NULL     ,400,40,35,30,120,70,105,1,0,Marrom  ,    1.30 ,  56.50 ,100,0
65,Alakazam    ,Psíquico  ,NULL     ,500,55,50,45,135,95,120,1,0,Marrom  ,    1.50 ,  48.00 ,50,0
66,Machop      ,Lutador  ,NULL     ,305,70,80,50,35,35,35,1,0,Cinza   ,    0.79 ,  19.50 ,180,0
67,Machoke     ,Lutador  ,NULL     ,405,80,100,70,50,60,45,1,0,Cinza   ,    1.50 ,  70.50 ,90,0
68,Machamp     ,Lutador  ,NULL     ,505,90,130,80,65,85,55,1,0,Cinza   ,    1.60 , 130.00 ,45,0
69,Bellsprout  ,Planta   ,Venenoso ,300,50,75,35,70,30,40,1,0,Verde   ,    0.71 ,   4.00 ,255,0
70,Weepinbell  ,Planta   ,Venenoso ,390,65,90,50,85,45,55,1,0,Verde   ,    0.99 ,   6.40 ,120,0
71,Victreebel  ,Planta   ,Venenoso ,490,80,105,65,100,70,70,1,0,Verde   ,    1.70 ,  15.50 ,45,0
72,Tentacool   ,Água    ,Venenoso ,335,40,40,35,50,100,70,1,0,Azul    ,    0.89 ,  45.50 ,190,0
73,Tentacruel  ,Água    ,Venenoso ,515,80,70,65,80,120,100,1,0,Azul    ,    1.60 ,  55.00 ,60,0
74,Geodude     ,Pedra    ,Terra    ,300,40,80,100,30,30,20,1,0,Marrom  ,    0.41 ,  20.00 ,255,0
75,Graveler    ,Pedra    ,Terra    ,390,55,95,115,45,45,35,1,0,Marrom  ,    0.99 , 105.00 ,120,0
76,Golem       ,Pedra    ,Terra    ,495,80,120,130,55,65,45,1,0,Marrom  ,    1.40 , 300.00 ,45,0
77,Ponyta      ,Fogo     ,NULL     ,410,50,85,55,65,65,90,1,0,Amarelo ,    0.99 ,  30.00 ,190,0
78,Rapidash    ,Fogo     ,NULL     ,500,65,100,70,80,80,105,1,0,Amarelo ,    1.70 ,  95.00 ,60,0
79,Slowpoke    ,Água    ,Psíquico  ,315,90,65,65,40,40,15,1,0,Rosa    ,    1.19 ,  36.00 ,190,0
80,Slowbro     ,Água    ,Psíquico  ,490,95,75,110,100,80,30,1,0,Rosa    ,    1.60 ,  78.50 ,75,0
81,Magnemite   ,Elétrico ,Aço      ,325,25,35,70,95,55,45,1,0,Cinza   ,    0.30 ,   6.00 ,190,0
82,Magneton    ,Elétrico ,Aço      ,465,50,60,95,120,70,70,1,0,Cinza   ,    0.99 ,  60.00 ,60,0
83,Farfetch\d  ,Normal   ,Voador   ,352,52,65,55,58,62,60,1,0,Marrom  ,    0.79 ,  15.00 ,45,0
84,Doduo       ,Normal   ,Voador   ,310,35,85,45,35,35,75,1,0,Marrom  ,    1.40 ,  39.20 ,190,0
85,Dodrio      ,Normal   ,Voador   ,460,60,110,70,60,60,100,1,0,Marrom  ,    1.80 ,  85.20 ,45,0
86,Seel        ,Água    ,NULL     ,325,65,45,55,45,70,45,1,0,Branco   ,    1.09 ,  90.00 ,190,0
87,Dewgong     ,Água    ,Gelo     ,475,90,70,80,70,95,70,1,0,Branco   ,    1.70 , 120.00 ,75,0
88,Grimer      ,Venenoso ,NULL     ,325,80,80,50,40,50,25,1,0,Roxo    ,    0.89 ,  30.00 ,190,0
89,Muk         ,Venenoso ,NULL     ,500,105,105,75,65,100,50,1,0,Roxo    ,    1.19 ,  30.00 ,75,0
90,Shellder    ,Água    ,NULL     ,305,30,65,100,45,25,40,1,0,Roxo    ,    0.30 ,   4.00 ,190,0
91,Cloyster    ,Água    ,Gelo     ,525,50,95,180,85,45,70,1,0,Roxo    ,    1.50 , 132.50 ,60,0
92,Gastly      ,Fantasma    ,Venenoso ,310,30,35,30,100,35,80,1,0,Roxo    ,    1.30 ,   0.10 ,190,0
93,Haunter     ,Fantasma    ,Venenoso ,405,45,50,45,115,55,95,1,0,Roxo    ,    1.60 ,   0.10 ,90,0
94,Gengar      ,Fantasma    ,Venenoso ,500,60,65,60,130,75,110,1,0,Roxo    ,    1.50 ,  40.50 ,45,0
95,Onix        ,Pedra    ,Terra    ,385,35,45,160,30,45,70,1,0,Cinza   ,    8.79 , 210.00 ,45,0
96,Drowzee     ,Psíquico  ,NULL     ,328,60,48,45,43,90,42,1,0,Amarelo ,    0.99 ,  32.40 ,190,0
97,Hypno       ,Psíquico  ,NULL     ,483,85,73,70,73,115,67,1,0,Amarelo ,    1.60 ,  75.60 ,75,0
98,Krabby      ,Água    ,NULL     ,325,30,105,90,25,25,50,1,0,Vermelho     ,    0.41 ,   6.50 ,225,0
99,Kingler     ,Água    ,NULL     ,475,55,130,115,50,50,75,1,0,Vermelho     ,    1.30 ,  60.00 ,60,0
100,Voltorb     ,Elétrico ,NULL     ,330,40,30,50,55,55,100,1,0,Vermelho     ,    0.51 ,  10.40 ,190,0
101,Electrode   ,Elétrico ,NULL     ,480,60,50,70,80,80,140,1,0,Vermelho     ,    1.19 ,  66.60 ,60,0
102,Exeggcute   ,Planta   ,Psíquico  ,325,60,40,80,60,45,40,1,0,Rosa    ,    0.41 ,   2.50 ,90,0
103,Exeggutor   ,Planta   ,Psíquico  ,520,95,95,85,125,65,55,1,0,Amarelo ,    2.01 , 120.00 ,45,0
104,Cubone      ,Terra    ,NULL     ,320,50,50,95,40,50,35,1,0,Marrom  ,    0.41 ,   6.50 ,190,0
105,Marowak     ,Terra    ,NULL     ,425,60,80,110,50,80,45,1,0,Marrom  ,    0.99 ,  45.00 ,75,0
106,Hitmonlee   ,Lutador  ,NULL     ,455,50,120,53,35,110,87,1,0,Marrom  ,    1.50 ,  49.80 ,45,0
107,Hitmonchan  ,Lutador  ,NULL     ,455,50,105,79,35,110,76,1,0,Marrom  ,    1.40 ,  50.20 ,45,0
108,Lickitung   ,Normal   ,NULL     ,385,90,55,75,60,75,30,1,0,Rosa    ,    1.19 ,  65.50 ,45,0
109,Koffing     ,Venenoso ,NULL     ,340,40,65,95,60,45,35,1,0,Roxo    ,    0.61 ,   1.00 ,190,0
110,Weezing     ,Venenoso ,NULL     ,490,65,90,120,85,70,60,1,0,Roxo    ,    1.19 ,   9.50 ,60,0
111,Rhyhorn     ,Terra    ,Pedra    ,345,80,85,95,30,30,25,1,0,Cinza   ,    0.99 , 115.00 ,120,0
112,Rhydon      ,Terra    ,Pedra    ,485,105,130,120,45,45,40,1,0,Cinza   ,    1.91 , 120.00 ,60,0
113,Chansey     ,Normal   ,NULL     ,450,250,5,5,35,105,50,1,0,Rosa    ,    1.09 ,  34.60 ,30,0
114,Tangela     ,Planta   ,NULL     ,435,65,55,115,100,40,60,1,0,Azul    ,    0.99 ,  35.00 ,45,0
115,Kangaskhan  ,Normal   ,NULL     ,490,105,95,80,40,80,90,1,0,Marrom  ,    2.21 ,  80.00 ,45,0
116,Horsea      ,Água    ,NULL     ,295,30,40,70,70,25,60,1,0,Azul    ,    0.41 ,   8.00 ,225,0
117,Seadra      ,Água    ,NULL     ,440,55,65,95,95,45,85,1,0,Azul    ,    1.19 ,  25.00 ,75,0
118,Goldeen     ,Água    ,NULL     ,320,45,67,60,35,50,63,1,0,Vermelho     ,    0.61 ,  15.00 ,225,0
119,Seaking     ,Água    ,NULL     ,450,80,92,65,65,80,68,1,0,Vermelho     ,    1.30 ,  39.00 ,60,0
120,Staryu      ,Água    ,NULL     ,340,30,45,55,70,55,85,1,0,Marrom  ,    0.79 ,  34.50 ,225,0
121,Starmie     ,Água    ,Psíquico  ,520,60,75,85,100,85,115,1,0,Roxo    ,    1.09 ,  80.00 ,60,0
122,Mr._Mime    ,Psíquico  ,Fada     ,460,40,45,65,100,120,90,1,0,Rosa    ,    1.30 ,  54.50 ,45,0
123,Scyther     ,Inseto      ,Voador   ,500,70,110,80,55,80,105,1,0,Verde   ,    1.50 ,  56.00 ,45,0
124,Jynx        ,Gelo     ,Psíquico  ,455,65,50,35,115,95,95,1,0,Vermelho     ,    1.40 ,  40.60 ,45,0
125,Electabuzz  ,Elétrico ,NULL     ,490,65,83,57,95,85,105,1,0,Amarelo ,    1.09 ,  30.00 ,45,0
126,Magmar      ,Fogo     ,NULL     ,495,65,95,57,100,85,93,1,0,Vermelho     ,    1.30 ,  44.50 ,45,0
127,Pinsir      ,Inseto      ,NULL     ,500,65,125,100,55,70,85,1,0,Marrom  ,    1.50 ,  55.00 ,45,0
128,Tauros      ,Normal   ,NULL     ,490,75,100,95,40,70,110,1,0,Marrom  ,    1.40 ,  88.40 ,45,0
129,Magikarp    ,Água    ,NULL     ,200,20,10,55,15,20,80,1,0,Vermelho     ,    0.89 ,  10.00 ,255,0
130,Gyarados    ,Água    ,Voador   ,540,95,125,79,60,100,81,1,0,Azul    ,    6.50 , 235.00 ,45,0
131,Lapras      ,Água    ,Gelo     ,535,130,85,80,85,95,60,1,0,Azul    ,    2.49 , 220.00 ,45,0
132,Ditto       ,Normal   ,NULL     ,288,48,48,48,48,48,48,1,0,Roxo    ,    0.30 ,   4.00 ,35,0
133,Eevee       ,Normal   ,NULL     ,325,55,55,50,45,65,55,1,0,Marrom  ,    0.30 ,   6.50 ,45,0
134,Vaporeon    ,Água    ,NULL     ,525,130,65,60,110,95,65,1,0,Azul    ,    0.99 ,  29.00 ,45,0
135,Jolteon     ,Elétrico ,NULL     ,525,65,65,60,110,95,130,1,0,Amarelo ,    0.79 ,  24.50 ,45,0
136,Flareon     ,Fogo     ,NULL     ,525,65,130,60,95,110,65,1,0,Vermelho     ,    0.89 ,  25.00 ,45,0
137,Porygon     ,Normal   ,NULL     ,395,65,60,70,85,75,40,1,0,Rosa    ,    0.79 ,  36.50 ,45,0
138,Omanyte     ,Pedra    ,Água    ,355,35,40,100,90,55,35,1,0,Azul    ,    0.41 ,   7.50 ,45,0
139,Omastar     ,Pedra    ,Água    ,495,70,60,125,115,70,55,1,0,Azul    ,    0.99 ,  35.00 ,45,0
140,Kabuto      ,Pedra    ,Água    ,355,30,80,90,55,45,55,1,0,Marrom  ,    0.51 ,  11.50 ,45,0
141,Kabutops    ,Pedra    ,Água    ,495,60,115,105,65,70,80,1,0,Marrom  ,    1.30 ,  40.50 ,45,0
142,Aerodactyl  ,Pedra    ,Voador   ,515,80,105,65,60,75,130,1,0,Roxo    ,    1.80 ,  59.00 ,45,0
143,Snorlax     ,Normal   ,NULL     ,540,160,110,65,65,110,30,1,0,Preto   ,    2.11 , 460.00 ,25,0
144,Articuno    ,Gelo     ,Voador   ,580,90,85,100,95,125,85,1,1,Azul    ,    1.70 ,  55.40 ,3,0
145,Zapdos      ,Elétrico ,Voador   ,580,90,90,85,125,90,100,1,1,Amarelo ,    1.60 ,  52.60 ,3,0
146,Moltres     ,Fogo     ,Voador   ,580,90,100,90,125,85,90,1,1,Amarelo ,    2.01 ,  60.00 ,3,0
147,Dratini     ,Dragão   ,NULL     ,300,41,64,45,50,50,50,1,0,Azul    ,    1.80 ,   3.30 ,45,0
148,Dragonair   ,Dragão   ,NULL     ,420,61,84,65,70,70,70,1,0,Azul    ,    3.99 ,  16.50 ,45,0
149,Dragonite   ,Dragão   ,Voador   ,600,91,134,95,100,100,80,1,0,Marrom  ,    2.21 , 210.00 ,45,0
150,Mewtwo      ,Psíquico  ,NULL     ,680,106,110,90,154,90,130,1,1,Roxo    ,    2.01 , 122.00 ,3,0
151,Mew         ,Psíquico  ,NULL     ,600,100,100,100,100,100,100,1,0,Rosa    ,    0.41 ,   4.00 ,45,0
152,Chikorita   ,Planta   ,NULL     ,318,45,49,65,49,65,45,2,0,Verde   ,    0.89 ,   6.40 ,45,0
153,Bayleef     ,Planta   ,NULL     ,405,60,62,80,63,80,60,2,0,Verde   ,    1.19 ,  15.80 ,45,0
154,Meganium    ,Planta   ,NULL     ,525,80,82,100,83,100,80,2,0,Verde   ,    1.80 , 100.50 ,45,0
155,Cyndaquil   ,Fogo     ,NULL     ,309,39,52,43,60,50,65,2,0,Amarelo ,    0.51 ,   7.90 ,45,0
156,Quilava     ,Fogo     ,NULL     ,405,58,64,58,80,65,80,2,0,Amarelo ,    0.89 ,  19.00 ,45,0
157,Typhlosion  ,Fogo     ,NULL     ,534,78,84,78,109,85,100,2,0,Amarelo ,    1.70 ,  79.50 ,45,0
158,Totodile    ,Água    ,NULL     ,314,50,65,64,44,48,43,2,0,Azul    ,    0.61 ,   9.50 ,45,0
159,Croconaw    ,Água    ,NULL     ,405,65,80,80,59,63,58,2,0,Azul    ,    1.09 ,  25.00 ,45,0
160,Feraligatr  ,Água    ,NULL     ,530,85,105,100,79,83,78,2,0,Azul    ,    2.31 ,  88.80 ,45,0
161,Sentret     ,Normal   ,NULL     ,215,35,46,34,35,45,20,2,0,Marrom  ,    0.79 ,   6.00 ,255,0
162,Furret      ,Normal   ,NULL     ,415,85,76,64,45,55,90,2,0,Marrom  ,    1.80 ,  32.50 ,90,0
163,Hoothoot    ,Normal   ,Voador   ,262,60,30,30,36,56,50,2,0,Marrom  ,    0.71 ,  21.20 ,255,0
164,Noctowl     ,Normal   ,Voador   ,442,100,50,50,76,96,70,2,0,Marrom  ,    1.60 ,  40.80 ,90,0
165,Ledyba      ,Inseto      ,Voador   ,265,40,20,30,40,80,55,2,0,Vermelho     ,    0.99 ,  10.80 ,255,0
166,Ledian      ,Inseto      ,Voador   ,390,55,35,50,55,110,85,2,0,Vermelho     ,    1.40 ,  35.60 ,90,0
167,Spinarak    ,Inseto      ,Venenoso ,250,40,60,40,40,40,30,2,0,Verde   ,    0.51 ,   8.50 ,255,0
168,Ariados     ,Inseto      ,Venenoso ,390,70,90,70,60,60,40,2,0,Vermelho     ,    1.09 ,  33.50 ,90,0
169,Crobat      ,Venenoso ,Voador   ,535,85,90,80,70,80,130,2,0,Roxo    ,    1.80 ,  75.00 ,90,0
170,Chinchou    ,Água    ,Elétrico ,330,75,38,38,56,56,67,2,0,Azul    ,    0.51 ,  12.00 ,190,0
171,Lanturn     ,Água    ,Elétrico ,460,125,58,58,76,76,67,2,0,Azul    ,    1.19 ,  22.50 ,75,0
172,Pichu       ,Elétrico ,NULL     ,205,20,40,15,35,35,60,2,0,Amarelo ,    0.30 ,   2.00 ,190,0
173,Cleffa      ,Fada     ,NULL     ,218,50,25,28,45,55,15,2,0,Rosa    ,    0.30 ,   3.00 ,150,0
174,Igglybuff   ,Normal   ,Fada     ,210,90,30,15,40,20,15,2,0,Rosa    ,    0.30 ,   1.00 ,170,0
175,Togepi      ,Fada     ,NULL     ,245,35,20,65,40,65,20,2,0,Branco   ,    0.30 ,   1.50 ,190,0
176,Togetic     ,Fada     ,Voador   ,405,55,40,85,80,105,40,2,0,Branco   ,    0.61 ,   3.20 ,75,0
177,Natu        ,Psíquico  ,Voador   ,320,40,50,45,70,45,70,2,0,Verde   ,    0.20 ,   2.00 ,190,0
178,Xatu        ,Psíquico  ,Voador   ,470,65,75,70,95,70,95,2,0,Verde   ,    1.50 ,  15.00 ,75,0
179,Mareep      ,Elétrico ,NULL     ,280,55,40,40,65,45,35,2,0,Branco   ,    0.61 ,   7.80 ,235,0
180,Flaaffy     ,Elétrico ,NULL     ,365,70,55,55,80,60,45,2,0,Rosa    ,    0.79 ,  13.30 ,120,0
181,Ampharos    ,Elétrico ,NULL     ,510,90,75,85,115,90,55,2,0,Amarelo ,    1.40 ,  61.50 ,45,0
182,Bellossom   ,Planta   ,NULL     ,490,75,80,95,90,100,50,2,0,Verde   ,    0.41 ,   5.80 ,45,0
183,Marill      ,Água    ,Fada     ,250,70,20,50,20,50,40,2,0,Azul    ,    0.41 ,   8.50 ,190,0
184,Azumarill   ,Água    ,Fada     ,420,100,50,80,60,80,50,2,0,Azul    ,    0.79 ,  28.50 ,75,0
185,Sudowoodo   ,Pedra    ,NULL     ,410,70,100,115,30,65,30,2,0,Marrom  ,    1.19 ,  38.00 ,65,0
186,Politoed    ,Água    ,NULL     ,500,90,75,75,90,100,70,2,0,Verde   ,    1.09 ,  33.90 ,45,0
187,Hoppip      ,Planta   ,Voador   ,250,35,35,40,35,55,50,2,0,Rosa    ,    0.41 ,   0.50 ,255,0
188,Skiploom    ,Planta   ,Voador   ,340,55,45,50,45,65,80,2,0,Verde   ,    0.61 ,   1.00 ,120,0
189,Jumpluff    ,Planta   ,Voador   ,460,75,55,70,55,95,110,2,0,Azul    ,    0.79 ,   3.00 ,45,0
190,Aipom       ,Normal   ,NULL     ,360,55,70,55,40,55,85,2,0,Roxo    ,    0.79 ,  11.50 ,45,0
191,Sunkern     ,Planta   ,NULL     ,180,30,30,30,30,30,30,2,0,Amarelo ,    0.30 ,   1.80 ,235,0
192,Sunflora    ,Planta   ,NULL     ,425,75,75,55,105,85,30,2,0,Amarelo ,    0.79 ,   8.50 ,120,0
193,Yanma       ,Inseto      ,Voador   ,390,65,65,45,75,45,95,2,0,Vermelho     ,    1.19 ,  38.00 ,75,0
194,Wooper      ,Água    ,Terra    ,210,55,45,45,25,25,15,2,0,Azul    ,    0.41 ,   8.50 ,255,0
195,Quagsire    ,Água    ,Terra    ,430,95,85,85,65,65,35,2,0,Azul    ,    1.40 ,  75.00 ,90,0
196,Espeon      ,Psíquico  ,NULL     ,525,65,65,60,130,95,110,2,0,Roxo    ,    0.89 ,  26.50 ,45,0
197,Umbreon     ,Sombrio  ,NULL     ,525,95,65,110,60,130,65,2,0,Preto   ,    0.99 ,  27.00 ,45,0
198,Murkrow     ,Sombrio  ,Voador   ,405,60,85,42,85,42,91,2,0,Preto   ,    0.51 ,   2.10 ,30,0
199,Slowking    ,Água    ,Psíquico  ,490,95,75,80,100,110,30,2,0,Rosa    ,    2.01 ,  79.50 ,70,0
200,Misdreavus  ,Fantasma    ,NULL     ,435,60,60,60,85,85,85,2,0,Roxo    ,    0.71 ,   1.00 ,45,0
201,Unown       ,Psíquico  ,NULL     ,336,48,72,48,72,48,48,2,0,Preto   ,    0.51 ,   5.00 ,225,0
202,Wobbuffet   ,Psíquico  ,NULL     ,405,190,33,58,33,58,33,2,0,Azul    ,    1.30 ,  28.50 ,45,0
203,Girafarig   ,Normal   ,Psíquico  ,455,70,80,65,90,65,85,2,0,Amarelo ,    1.50 ,  41.50 ,60,0
204,Pineco      ,Inseto      ,NULL     ,290,50,65,90,35,35,15,2,0,Cinza   ,    0.61 ,   7.20 ,190,0
205,Forretress  ,Inseto      ,Aço      ,465,75,90,140,60,60,40,2,0,Roxo    ,    1.19 , 125.80 ,75,0
206,Dunsparce   ,Normal   ,NULL     ,415,100,70,70,65,65,45,2,0,Amarelo ,    1.50 ,  14.00 ,190,0
207,Gligar      ,Terra    ,Voador   ,430,65,75,105,35,65,85,2,0,Roxo    ,    1.09 ,  64.80 ,60,0
208,Steelix     ,Aço      ,Terra    ,510,75,85,200,55,65,30,2,0,Cinza   ,    9.19 , 400.00 ,25,0
209,Snubbull    ,Fada     ,NULL     ,300,60,80,50,40,40,30,2,0,Rosa    ,    0.61 ,   7.80 ,190,0
210,Granbull    ,Fada     ,NULL     ,450,90,120,75,60,60,45,2,0,Roxo    ,    1.40 ,  48.70 ,75,0
211,Qwilfish    ,Água    ,Venenoso ,430,65,95,75,55,55,85,2,0,Cinza   ,    0.51 ,   3.90 ,45,0
212,Scizor      ,Inseto      ,Aço      ,500,70,130,100,55,80,65,2,0,Vermelho     ,    1.80 , 118.00 ,25,0
213,Shuckle     ,Inseto      ,Pedra    ,505,20,10,230,10,230,5,2,0,Amarelo ,    0.61 ,  20.50 ,190,0
214,Heracross   ,Inseto      ,Lutador  ,500,80,125,75,40,95,85,2,0,Azul    ,    1.50 ,  54.00 ,45,0
215,Sneasel     ,Sombrio  ,Gelo     ,430,55,95,55,35,75,115,2,0,Preto   ,    0.89 ,  28.00 ,60,0
216,Teddiursa   ,Normal   ,NULL     ,330,60,80,50,50,50,40,2,0,Marrom  ,    0.61 ,   8.80 ,120,0
217,Ursaring    ,Normal   ,NULL     ,500,90,130,75,75,75,55,2,0,Marrom  ,    1.80 , 125.80 ,60,0
218,Slugma      ,Fogo     ,NULL     ,250,40,40,40,70,40,20,2,0,Vermelho     ,    0.71 ,  35.00 ,190,0
219,Magcargo    ,Fogo     ,Pedra    ,410,50,50,120,80,80,30,2,0,Vermelho     ,    0.79 ,  55.00 ,75,0
220,Swinub      ,Gelo     ,Terra    ,250,50,50,40,30,30,50,2,0,Marrom  ,    0.41 ,   6.50 ,225,0
221,Piloswine   ,Gelo     ,Terra    ,450,100,100,80,60,60,50,2,0,Marrom  ,    1.09 ,  55.80 ,75,0
222,Corsola     ,Água    ,Pedra    ,380,55,55,85,65,85,35,2,0,Rosa    ,    0.61 ,   5.00 ,60,0
223,Remoraid    ,Água    ,NULL     ,300,35,65,35,65,35,65,2,0,Cinza   ,    0.61 ,  12.00 ,190,0
224,Octillery   ,Água    ,NULL     ,480,75,105,75,105,75,45,2,0,Vermelho     ,    0.89 ,  28.50 ,75,0
225,Delibird    ,Gelo     ,Voador   ,330,45,55,45,65,45,75,2,0,Vermelho     ,    0.89 ,  16.00 ,45,0
226,Mantine     ,Água    ,Voador   ,465,65,40,70,80,140,70,2,0,Roxo    ,    2.11 , 220.00 ,25,0
227,Skarmory    ,Aço      ,Voador   ,465,65,80,140,40,70,70,2,0,Cinza   ,    1.70 ,  50.50 ,25,0
228,Houndour    ,Sombrio  ,Fogo     ,330,45,60,30,80,50,65,2,0,Preto   ,    0.61 ,  10.80 ,120,0
229,Houndoom    ,Sombrio  ,Fogo     ,500,75,90,50,110,80,95,2,0,Preto   ,    1.40 ,  35.00 ,45,0
230,Kingdra     ,Água    ,Dragão   ,540,75,95,95,95,95,85,2,0,Azul    ,    1.80 , 152.00 ,45,0
231,Phanpy      ,Terra    ,NULL     ,330,90,60,60,40,40,40,2,0,Azul    ,    0.51 ,  33.50 ,120,0
232,Donphan     ,Terra    ,NULL     ,500,90,120,120,60,60,50,2,0,Cinza   ,    1.09 , 120.00 ,60,0
233,Porygon2    ,Normal   ,NULL     ,515,85,80,90,105,95,60,2,0,Vermelho     ,    0.61 ,  32.50 ,45,0
234,Stantler    ,Normal   ,NULL     ,465,73,95,62,85,65,85,2,0,Marrom  ,    1.40 ,  71.20 ,45,0
235,Smeargle    ,Normal   ,NULL     ,250,55,20,35,20,45,75,2,0,Branco   ,    1.19 ,  58.00 ,45,0
236,Tyrogue     ,Lutador  ,NULL     ,210,35,35,35,35,35,35,2,0,Roxo    ,    0.71 ,  21.00 ,75,0
237,Hitmontop   ,Lutador  ,NULL     ,455,50,95,95,35,110,70,2,0,Marrom  ,    1.40 ,  48.00 ,45,0
238,Smoochum    ,Gelo     ,Psíquico  ,305,45,30,15,85,65,65,2,0,Rosa    ,    0.41 ,   6.00 ,45,0
239,Elekid      ,Elétrico ,NULL     ,360,45,63,37,65,55,95,2,0,Amarelo ,    0.61 ,  23.50 ,45,0
240,Magby       ,Fogo     ,NULL     ,365,45,75,37,70,55,83,2,0,Vermelho     ,    0.71 ,  21.40 ,45,0
241,Miltank     ,Normal   ,NULL     ,490,95,80,105,40,70,100,2,0,Rosa    ,    1.19 ,  75.50 ,45,0
242,Blissey     ,Normal   ,NULL     ,540,255,10,10,75,135,55,2,0,Rosa    ,    1.50 ,  46.80 ,30,0
243,Raikou      ,Elétrico ,NULL     ,580,90,85,75,115,100,115,2,1,Amarelo ,    1.91 , 178.00 ,3,0
244,Entei       ,Fogo     ,NULL     ,580,115,115,85,90,75,100,2,1,Marrom  ,    2.11 , 198.00 ,3,0
245,Suicune     ,Água    ,NULL     ,580,100,75,115,90,115,85,2,1,Azul    ,    2.01 , 187.00 ,3,0
246,Larvitar    ,Pedra    ,Terra    ,300,50,64,50,45,50,41,2,0,Verde   ,    0.61 ,  72.00 ,45,0
247,Pupitar     ,Pedra    ,Terra    ,410,70,84,70,65,70,51,2,0,Cinza   ,    1.19 , 152.00 ,45,0
248,Tyranitar   ,Pedra    ,Sombrio  ,600,100,134,110,95,100,61,2,0,Verde   ,    2.01 , 202.00 ,45,0
249,Lugia       ,Psíquico  ,Voador   ,680,106,90,130,90,154,110,2,1,Branco   ,    5.21 , 216.00 ,3,0
250,Ho-Oh       ,Fogo     ,Voador   ,680,106,130,90,110,154,90,2,1,Vermelho     ,    3.81 , 199.00 ,3,0
251,Celebi      ,Psíquico  ,Planta   ,600,100,100,100,100,100,100,2,0,Verde   ,    0.61 ,   5.00 ,45,0
252,Treecko     ,Planta   ,NULL     ,310,40,45,35,65,55,70,3,0,Verde   ,    0.51 ,   5.00 ,45,0
253,Grovyle     ,Planta   ,NULL     ,405,50,65,45,85,65,95,3,0,Verde   ,    0.89 ,  21.60 ,45,0
254,Sceptile    ,Planta   ,NULL     ,530,70,85,65,105,85,120,3,0,Verde   ,    1.70 ,  52.20 ,45,0
255,Torchic     ,Fogo     ,NULL     ,310,45,60,40,70,50,45,3,0,Vermelho     ,    0.41 ,   2.50 ,45,0
256,Combusken   ,Fogo     ,Lutador  ,405,60,85,60,85,60,55,3,0,Vermelho     ,    0.89 ,  19.50 ,45,0
257,Blaziken    ,Fogo     ,Lutador  ,530,80,120,70,110,70,80,3,0,Vermelho     ,    1.91 ,  52.00 ,45,0
258,Mudkip      ,Água    ,NULL     ,310,50,70,50,50,50,40,3,0,Azul    ,    0.41 ,   7.60 ,45,0
259,Marshtomp   ,Água    ,Terra    ,405,70,85,70,60,70,50,3,0,Azul    ,    0.71 ,  28.00 ,45,0
260,Swampert    ,Água    ,Terra    ,535,100,110,90,85,90,60,3,0,Azul    ,    1.50 ,  81.90 ,45,0
261,Poochyena   ,Sombrio  ,NULL     ,220,35,55,35,30,30,35,3,0,Cinza   ,    0.51 ,  13.60 ,255,0
262,Mightyena   ,Sombrio  ,NULL     ,420,70,90,70,60,60,70,3,0,Cinza   ,    0.99 ,  37.00 ,127,0
263,Zigzagoon   ,Normal   ,NULL     ,240,38,30,41,30,41,60,3,0,Marrom  ,    0.41 ,  17.50 ,255,0
264,Linoone     ,Normal   ,NULL     ,420,78,70,61,50,61,100,3,0,Branco   ,    0.51 ,  32.50 ,90,0
265,Wurmple     ,Inseto      ,NULL     ,195,45,45,35,20,30,20,3,0,Vermelho     ,    0.30 ,   3.60 ,255,0
266,Silcoon     ,Inseto      ,NULL     ,205,50,35,55,25,25,15,3,0,Branco   ,    0.61 ,  10.00 ,120,0
267,Beautifly   ,Inseto      ,Voador   ,395,60,70,50,100,50,65,3,0,Amarelo ,    0.99 ,  28.40 ,45,0
268,Cascoon     ,Inseto      ,NULL     ,205,50,35,55,25,25,15,3,0,Roxo    ,    0.71 ,  11.50 ,120,0
269,Dustox      ,Inseto      ,Venenoso ,385,60,50,70,50,90,65,3,0,Verde   ,    1.19 ,  31.60 ,45,0
270,Lotad       ,Água    ,Planta   ,220,40,30,30,40,50,30,3,0,Verde   ,    0.51 ,   2.60 ,255,0
271,Lombre      ,Água    ,Planta   ,340,60,50,50,60,70,50,3,0,Verde   ,    1.19 ,  32.50 ,120,0
272,Ludicolo    ,Água    ,Planta   ,480,80,70,70,90,100,70,3,0,Verde   ,    1.50 ,  55.00 ,45,0
273,Seedot      ,Planta   ,NULL     ,220,40,40,50,30,30,30,3,0,Marrom  ,    0.51 ,   4.00 ,255,0
274,Nuzleaf     ,Planta   ,Sombrio  ,340,70,70,40,60,40,60,3,0,Marrom  ,    0.99 ,  28.00 ,120,0
275,Shiftry     ,Planta   ,Sombrio  ,480,90,100,60,90,60,80,3,0,Marrom  ,    1.30 ,  59.60 ,45,0
276,Taillow     ,Normal   ,Voador   ,270,40,55,30,30,30,85,3,0,Azul    ,    0.30 ,   2.30 ,200,0
277,Swellow     ,Normal   ,Voador   ,430,60,85,60,50,50,125,3,0,Azul    ,    0.71 ,  19.80 ,45,0
278,Wingull     ,Água    ,Voador   ,270,40,30,30,55,30,85,3,0,Branco   ,    0.61 ,   9.50 ,190,0
279,Pelipper    ,Água    ,Voador   ,430,60,50,100,85,70,65,3,0,Amarelo ,    1.19 ,  28.00 ,45,0
280,Ralts       ,Psíquico  ,Fada     ,198,28,25,25,45,35,40,3,0,Branco   ,    0.41 ,   6.60 ,235,0
281,Kirlia      ,Psíquico  ,Fada     ,278,38,35,35,65,55,50,3,0,Branco   ,    0.79 ,  20.20 ,120,0
282,Gardevoir   ,Psíquico  ,Fada     ,518,68,65,65,125,115,80,3,0,Branco   ,    1.60 ,  48.40 ,45,0
283,Surskit     ,Inseto      ,Água    ,269,40,30,32,50,52,65,3,0,Azul    ,    0.51 ,   1.70 ,200,0
284,Masquerain  ,Inseto      ,Voador   ,414,70,60,62,80,82,60,3,0,Azul    ,    0.79 ,   3.60 ,75,0
285,Shroomish   ,Planta   ,NULL     ,295,60,40,60,40,60,35,3,0,Marrom  ,    0.41 ,   4.50 ,255,0
286,Breloom     ,Planta   ,Lutador  ,460,60,130,80,60,60,70,3,0,Verde   ,    1.19 ,  39.20 ,90,0
287,Slakoth     ,Normal   ,NULL     ,280,60,60,60,35,35,30,3,0,Marrom  ,    0.79 ,  24.00 ,255,0
288,Vigoroth    ,Normal   ,NULL     ,440,80,80,80,55,55,90,3,0,Branco   ,    1.40 ,  46.50 ,120,0
289,Slaking     ,Normal   ,NULL     ,670,150,160,100,95,65,100,3,0,Marrom  ,    2.01 , 130.50 ,45,0
290,Nincada     ,Inseto      ,Terra    ,266,31,45,90,30,30,40,3,0,Cinza   ,    0.51 ,   5.50 ,255,0
291,Ninjask     ,Inseto      ,Voador   ,456,61,90,45,50,50,160,3,0,Amarelo ,    0.79 ,  12.00 ,120,0
292,Shedinja    ,Inseto      ,Fantasma    ,236,1,90,45,30,30,40,3,0,Marrom  ,    0.79 ,   1.20 ,45,0
293,Whismur     ,Normal   ,NULL     ,240,64,51,23,51,23,28,3,0,Rosa    ,    0.61 ,  16.30 ,190,0
294,Loudred     ,Normal   ,NULL     ,360,84,71,43,71,43,48,3,0,Azul    ,    0.99 ,  40.50 ,120,0
295,Exploud     ,Normal   ,NULL     ,490,104,91,63,91,73,68,3,0,Azul    ,    1.50 ,  84.00 ,45,0
296,Makuhita    ,Lutador  ,NULL     ,237,72,60,30,20,30,25,3,0,Amarelo ,    0.99 ,  86.40 ,180,0
297,Hariyama    ,Lutador  ,NULL     ,474,144,120,60,40,60,50,3,0,Marrom  ,    2.31 , 253.80 ,200,0
298,Azurill     ,Normal   ,Fada     ,190,50,20,40,20,40,20,3,0,Azul    ,    0.20 ,   2.00 ,150,0
299,Nosepass    ,Pedra    ,NULL     ,375,30,45,135,45,90,30,3,0,Cinza   ,    0.99 ,  97.00 ,255,0
300,Skitty      ,Normal   ,NULL     ,260,50,45,45,35,35,50,3,0,Rosa    ,    0.61 ,  11.00 ,255,0
301,Delcatty    ,Normal   ,NULL     ,380,70,65,65,55,55,70,3,0,Roxo    ,    1.09 ,  32.60 ,60,0
302,Sableye     ,Sombrio  ,Fantasma    ,380,50,75,75,65,65,50,3,0,Roxo    ,    0.51 ,  11.00 ,45,0
303,Mawile      ,Aço      ,Fada     ,380,50,85,85,55,55,50,3,0,Preto   ,    0.61 ,  11.50 ,45,0
304,Aron        ,Aço      ,Pedra    ,330,50,70,100,40,40,30,3,0,Cinza   ,    0.41 ,  60.00 ,180,0
305,Lairon      ,Aço      ,Pedra    ,430,60,90,140,50,50,40,3,0,Cinza   ,    0.89 , 120.00 ,90,0
306,Aggron      ,Aço      ,Pedra    ,530,70,110,180,60,60,50,3,0,Cinza   ,    2.11 , 360.00 ,45,0
307,Meditite    ,Lutador  ,Psíquico  ,280,30,40,55,40,55,60,3,0,Azul    ,    0.61 ,  11.20 ,180,0
308,Medicham    ,Lutador  ,Psíquico  ,410,60,60,75,60,75,80,3,0,Vermelho     ,    1.30 ,  31.50 ,90,0
309,Electrike   ,Elétrico ,NULL     ,295,40,45,40,65,40,65,3,0,Verde   ,    0.61 ,  15.20 ,120,0
310,Manectric   ,Elétrico ,NULL     ,475,70,75,60,105,60,105,3,0,Amarelo ,    1.50 ,  40.20 ,45,0
311,Plusle      ,Elétrico ,NULL     ,405,60,50,40,85,75,95,3,0,Amarelo ,    0.41 ,   4.20 ,200,0
312,Minun       ,Elétrico ,NULL     ,405,60,40,50,75,85,95,3,0,Amarelo ,    0.41 ,   4.20 ,200,0
313,Volbeat     ,Inseto      ,NULL     ,400,65,73,55,47,75,85,3,0,Cinza   ,    0.71 ,  17.70 ,150,0
314,Illumise    ,Inseto      ,NULL     ,400,65,47,55,73,75,85,3,0,Roxo    ,    0.61 ,  17.70 ,150,0
315,Roselia     ,Planta   ,Venenoso ,400,50,60,45,100,80,65,3,0,Verde   ,    0.30 ,   2.00 ,150,0
316,Gulpin      ,Venenoso ,NULL     ,302,70,43,53,43,53,40,3,0,Verde   ,    0.41 ,  10.30 ,225,0
317,Swalot      ,Venenoso ,NULL     ,467,100,73,83,73,83,55,3,0,Roxo    ,    1.70 ,  80.00 ,75,0
318,Carvanha    ,Água    ,Sombrio  ,305,45,90,20,65,20,65,3,0,Vermelho     ,    0.79 ,  20.80 ,225,0
319,Sharpedo    ,Água    ,Sombrio  ,460,70,120,40,95,40,95,3,0,Azul    ,    1.80 ,  88.80 ,60,0
320,Wailmer     ,Água    ,NULL     ,400,130,70,35,70,35,60,3,0,Azul    ,    2.01 , 130.00 ,125,0
321,Wailord     ,Água    ,NULL     ,500,170,90,45,90,45,60,3,0,Azul    ,   14.50 , 398.00 ,60,0
322,Numel       ,Fogo     ,Terra    ,305,60,60,40,65,45,35,3,0,Amarelo ,    0.71 ,  24.00 ,255,0
323,Camerupt    ,Fogo     ,Terra    ,460,70,100,70,105,75,40,3,0,Vermelho     ,    1.91 , 220.00 ,150,0
324,Torkoal     ,Fogo     ,NULL     ,470,70,85,140,85,70,20,3,0,Marrom  ,    0.51 ,  80.40 ,90,0
325,Spoink      ,Psíquico  ,NULL     ,330,60,25,35,70,80,60,3,0,Preto   ,    0.71 ,  30.60 ,255,0
326,Grumpig     ,Psíquico  ,NULL     ,470,80,45,65,90,110,80,3,0,Roxo    ,    0.89 ,  71.50 ,60,0
327,Spinda      ,Normal   ,NULL     ,360,60,60,60,60,60,60,3,0,Marrom  ,    1.09 ,   5.00 ,255,0
328,Trapinch    ,Terra    ,NULL     ,290,45,100,45,45,45,10,3,0,Marrom  ,    0.71 ,  15.00 ,255,0
329,Vibrava     ,Terra    ,Dragão   ,340,50,70,50,50,50,70,3,0,Verde   ,    1.09 ,  15.30 ,120,0
330,Flygon      ,Terra    ,Dragão   ,520,80,100,80,80,80,100,3,0,Verde   ,    2.01 ,  82.00 ,45,0
331,Cacnea      ,Planta   ,NULL     ,335,50,85,40,85,40,35,3,0,Verde   ,    0.41 ,  51.30 ,190,0
332,Cacturne    ,Planta   ,Sombrio  ,475,70,115,60,115,60,55,3,0,Verde   ,    1.30 ,  77.40 ,60,0
333,Swablu      ,Normal   ,Voador   ,310,45,40,60,40,75,50,3,0,Azul    ,    0.41 ,   1.20 ,255,0
334,Altaria     ,Dragão   ,Voador   ,490,75,70,90,70,105,80,3,0,Azul    ,    1.09 ,  20.60 ,45,0
335,Zangoose    ,Normal   ,NULL     ,458,73,115,60,60,60,90,3,0,Branco   ,    1.30 ,  40.30 ,90,0
336,Seviper     ,Venenoso ,NULL     ,458,73,100,60,100,60,65,3,0,Preto   ,    2.69 ,  52.50 ,90,0
337,Lunatone    ,Pedra    ,Psíquico  ,440,70,55,65,95,85,70,3,0,Amarelo ,    0.99 , 168.00 ,45,0
338,Solrock     ,Pedra    ,Psíquico  ,440,70,95,85,55,65,70,3,0,Vermelho     ,    1.19 , 154.00 ,45,0
339,Barboach    ,Água    ,Terra    ,288,50,48,43,46,41,60,3,0,Cinza   ,    0.41 ,   1.90 ,190,0
340,Whiscash    ,Água    ,Terra    ,468,110,78,73,76,71,60,3,0,Azul    ,    0.89 ,  23.60 ,75,0
341,Corphish    ,Água    ,NULL     ,308,43,80,65,50,35,35,3,0,Vermelho     ,    0.61 ,  11.50 ,205,0
342,Crawdaunt   ,Água    ,Sombrio  ,468,63,120,85,90,55,55,3,0,Vermelho     ,    1.09 ,  32.80 ,155,0
343,Baltoy      ,Terra    ,Psíquico  ,300,40,40,55,40,70,55,3,0,Marrom  ,    0.51 ,  21.50 ,255,0
344,Claydol     ,Terra    ,Psíquico  ,500,60,70,105,70,120,75,3,0,Preto   ,    1.50 , 108.00 ,90,0
345,Lileep      ,Pedra    ,Planta   ,355,66,41,77,61,87,23,3,0,Roxo    ,    0.99 ,  23.80 ,45,0
346,Cradily     ,Pedra    ,Planta   ,495,86,81,97,81,107,43,3,0,Verde   ,    1.50 ,  60.40 ,45,0
347,Anorith     ,Pedra    ,Inseto      ,355,45,95,50,40,50,75,3,0,Cinza   ,    0.71 ,  12.50 ,45,0
348,Armaldo     ,Pedra    ,Inseto      ,495,75,125,100,70,80,45,3,0,Cinza   ,    1.50 ,  68.20 ,45,0
349,Feebas      ,Água    ,NULL     ,200,20,15,20,10,55,80,3,0,Marrom  ,    0.61 ,   7.40 ,255,0
350,Milotic     ,Água    ,NULL     ,540,95,60,79,100,125,81,3,0,Rosa    ,    6.20 , 162.00 ,60,0
351,Castform    ,Normal   ,NULL     ,420,70,70,70,70,70,70,3,0,Branco   ,    0.30 ,   0.80 ,45,0
352,Kecleon     ,Normal   ,NULL     ,440,60,90,70,60,120,40,3,0,Verde   ,    0.99 ,  22.00 ,200,0
353,Shuppet     ,Fantasma    ,NULL     ,295,44,75,35,63,33,45,3,0,Preto   ,    0.61 ,   2.30 ,225,0
354,Banette     ,Fantasma    ,NULL     ,455,64,115,65,83,63,65,3,0,Preto   ,    1.09 ,  12.50 ,45,0
355,Duskull     ,Fantasma    ,NULL     ,295,20,40,90,30,90,25,3,0,Preto   ,    0.79 ,  15.00 ,190,0
356,Dusclops    ,Fantasma    ,NULL     ,455,40,70,130,60,130,25,3,0,Preto   ,    1.60 ,  30.60 ,90,0
357,Tropius     ,Planta   ,Voador   ,460,99,68,83,72,87,51,3,0,Verde   ,    2.01 , 100.00 ,200,0
358,Chimecho    ,Psíquico  ,NULL     ,425,65,50,70,95,80,65,3,0,Azul    ,    0.61 ,   1.00 ,45,0
359,Absol       ,Sombrio  ,NULL     ,465,65,130,60,75,60,75,3,0,Branco   ,    1.19 ,  47.00 ,30,0
360,Wynaut      ,Psíquico  ,NULL     ,260,95,23,48,23,48,23,3,0,Azul    ,    0.61 ,  14.00 ,125,0
361,Snorunt     ,Gelo     ,NULL     ,300,50,50,50,50,50,50,3,0,Cinza   ,    0.71 ,  16.80 ,190,0
362,Glalie      ,Gelo     ,NULL     ,480,80,80,80,80,80,80,3,0,Cinza   ,    1.50 , 256.50 ,75,0
363,Spheal      ,Gelo     ,Água    ,290,70,40,50,55,50,25,3,0,Azul    ,    0.79 ,  39.50 ,255,0
364,Sealeo      ,Gelo     ,Água    ,410,90,60,70,75,70,45,3,0,Azul    ,    1.09 ,  87.60 ,120,0
365,Walrein     ,Gelo     ,Água    ,530,110,80,90,95,90,65,3,0,Azul    ,    1.40 , 150.60 ,45,0
366,Clamperl    ,Água    ,NULL     ,345,35,64,85,74,55,32,3,0,Azul    ,    0.41 ,  52.50 ,255,0
367,Huntail     ,Água    ,NULL     ,485,55,104,105,94,75,52,3,0,Azul    ,    1.70 ,  27.00 ,60,0
368,Gorebyss    ,Água    ,NULL     ,485,55,84,105,114,75,52,3,0,Rosa    ,    1.80 ,  22.60 ,60,0
369,Relicanth   ,Água    ,Pedra    ,485,100,90,130,45,65,55,3,0,Cinza   ,    0.99 ,  23.40 ,25,0
370,Luvdisc     ,Água    ,NULL     ,330,43,30,55,40,65,97,3,0,Rosa    ,    0.61 ,   8.70 ,225,0
371,Bagon       ,Dragão   ,NULL     ,300,45,75,60,40,30,50,3,0,Azul    ,    0.61 ,  42.10 ,45,0
372,Shelgon     ,Dragão   ,NULL     ,420,65,95,100,60,50,50,3,0,Branco   ,    1.09 , 110.50 ,45,0
373,Salamence   ,Dragão   ,Voador   ,600,95,135,80,110,80,100,3,0,Azul    ,    1.50 , 102.60 ,45,0
374,Beldum      ,Aço      ,Psíquico  ,300,40,55,80,35,60,30,3,0,Azul    ,    0.61 ,  95.20 ,3,0
375,Metang      ,Aço      ,Psíquico  ,420,60,75,100,55,80,50,3,0,Azul    ,    1.19 , 202.50 ,3,0
376,Metagross   ,Aço      ,Psíquico  ,600,80,135,130,95,90,70,3,0,Azul    ,    1.60 , 550.00 ,3,0
377,Regirock    ,Pedra    ,NULL     ,580,80,100,200,50,100,50,3,1,Marrom  ,    1.70 , 230.00 ,3,0
378,Regice      ,Gelo     ,NULL     ,580,80,50,100,100,200,50,3,1,Azul    ,    1.80 , 175.00 ,3,0
379,Registeel   ,Aço      ,NULL     ,580,80,75,150,75,150,50,3,1,Cinza   ,    1.91 , 205.00 ,3,0
380,Latias      ,Dragão   ,Psíquico  ,600,80,80,90,110,130,110,3,1,Vermelho     ,    1.40 ,  40.00 ,3,0
381,Latios      ,Dragão   ,Psíquico  ,600,80,90,80,130,110,110,3,1,Azul    ,    2.01 ,  60.00 ,3,0
382,Kyogre      ,Água    ,NULL     ,670,100,100,90,150,140,90,3,1,Azul    ,    4.50 , 352.00 ,3,0
383,Groudon     ,Terra    ,NULL     ,670,100,150,140,100,90,90,3,1,Vermelho     ,    3.51 , 950.00 ,3,0
384,Rayquaza    ,Dragão   ,Voador   ,680,105,150,90,150,90,95,3,1,Verde   ,    7.01 , 206.50 ,45,0
385,Jirachi     ,Aço      ,Psíquico  ,600,100,100,100,100,100,100,3,1,Amarelo ,    0.30 ,   1.10 ,3,0
386,Deoxys      ,Psíquico  ,NULL     ,600,50,150,50,150,50,150,3,1,Vermelho     ,    1.70 ,  60.80 ,3,0
387,Turtwig     ,Planta   ,NULL     ,318,55,68,64,45,55,31,4,0,Verde   ,    0.41 ,  10.20 ,45,0
388,Grotle      ,Planta   ,NULL     ,405,75,89,85,55,65,36,4,0,Verde   ,    1.09 ,  97.00 ,45,0
389,Torterra    ,Planta   ,Terra    ,525,95,109,105,75,85,56,4,0,Verde   ,    2.21 , 310.00 ,45,0
390,Chimchar    ,Fogo     ,NULL     ,309,44,58,44,58,44,61,4,0,Marrom  ,    0.51 ,   6.20 ,45,0
391,Monferno    ,Fogo     ,Lutador  ,405,64,78,52,78,52,81,4,0,Marrom  ,    0.89 ,  22.00 ,45,0
392,Infernape   ,Fogo     ,Lutador  ,534,76,104,71,104,71,108,4,0,Marrom  ,    1.19 ,  55.00 ,45,0
393,Piplup      ,Água    ,NULL     ,314,53,51,53,61,56,40,4,0,Azul    ,    0.41 ,   5.20 ,45,0
394,Prinplup    ,Água    ,NULL     ,405,64,66,68,81,76,50,4,0,Azul    ,    0.79 ,  23.00 ,45,0
395,Empoleon    ,Água    ,Aço      ,530,84,86,88,111,101,60,4,0,Azul    ,    1.70 ,  84.50 ,45,0
396,Starly      ,Normal   ,Voador   ,245,40,55,30,30,30,60,4,0,Marrom  ,    0.30 ,   2.00 ,255,0
397,Staravia    ,Normal   ,Voador   ,340,55,75,50,40,40,80,4,0,Marrom  ,    0.61 ,  15.50 ,120,0
398,Staraptor   ,Normal   ,Voador   ,485,85,120,70,50,60,100,4,0,Marrom  ,    1.19 ,  24.90 ,45,0
399,Bidoof      ,Normal   ,NULL     ,250,59,45,40,35,40,31,4,0,Marrom  ,    0.51 ,  20.00 ,255,0
400,Bibarel     ,Normal   ,Água    ,410,79,85,60,55,60,71,4,0,Marrom  ,    0.99 ,  31.50 ,127,0
401,Kricketot   ,Inseto      ,NULL     ,194,37,25,41,25,41,25,4,0,Vermelho     ,    0.30 ,   2.20 ,255,0
402,Kricketune  ,Inseto      ,NULL     ,384,77,85,51,55,51,65,4,0,Vermelho     ,    0.99 ,  25.50 ,45,0
403,Shinx       ,Elétrico ,NULL     ,263,45,65,34,40,34,45,4,0,Azul    ,    0.51 ,   9.50 ,235,0
404,Luxio       ,Elétrico ,NULL     ,363,60,85,49,60,49,60,4,0,Azul    ,    0.89 ,  30.50 ,120,0
405,Luxray      ,Elétrico ,NULL     ,523,80,120,79,95,79,70,4,0,Azul    ,    1.40 ,  42.00 ,45,0
406,Budew       ,Planta   ,Venenoso ,280,40,30,35,50,70,55,4,0,Verde   ,    0.20 ,   1.20 ,255,0
407,Roserade    ,Planta   ,Venenoso ,515,60,70,65,125,105,90,4,0,Verde   ,    0.89 ,  14.50 ,75,0
408,Cranidos    ,Pedra    ,NULL     ,350,67,125,40,30,30,58,4,0,Azul    ,    0.89 ,  31.50 ,45,0
409,Rampardos   ,Pedra    ,NULL     ,495,97,165,60,65,50,58,4,0,Azul    ,    1.60 , 102.50 ,45,0
410,Shieldon    ,Pedra    ,Aço      ,350,30,42,118,42,88,30,4,0,Cinza   ,    0.51 ,  57.00 ,45,0
411,Bastiodon   ,Pedra    ,Aço      ,495,60,52,168,47,138,30,4,0,Cinza   ,    1.30 , 149.50 ,45,0
412,Burmy       ,Inseto      ,NULL     ,224,40,29,45,29,45,36,4,0,Cinza   ,    0.20 ,   3.40 ,120,0
413,Wormadam    ,Inseto      ,Planta   ,424,60,59,85,79,105,36,4,0,Cinza   ,    0.51 ,   6.50 ,45,0
414,Mothim      ,Inseto      ,Voador   ,424,70,94,50,94,50,66,4,0,Amarelo ,    0.89 ,  23.30 ,45,0
415,Combee      ,Inseto      ,Voador   ,244,30,30,42,30,42,70,4,0,Amarelo ,    0.30 ,   5.50 ,120,0
416,Vespiquen   ,Inseto      ,Voador   ,474,70,80,102,80,102,40,4,0,Amarelo ,    1.19 ,  38.50 ,45,0
417,Pachirisu   ,Elétrico ,NULL     ,405,60,45,70,45,90,95,4,0,Branco   ,    0.41 ,   3.90 ,200,0
418,Buizel      ,Água    ,NULL     ,330,55,65,35,60,30,85,4,0,Marrom  ,    0.71 ,  29.50 ,190,0
419,Floatzel    ,Água    ,NULL     ,495,85,105,55,85,50,115,4,0,Marrom  ,    1.09 ,  33.50 ,75,0
420,Cherubi     ,Planta   ,NULL     ,275,45,35,45,62,53,35,4,0,Rosa    ,    0.41 ,   3.30 ,190,0
421,Cherrim     ,Planta   ,NULL     ,450,70,60,70,87,78,85,4,0,Rosa    ,    0.51 ,   9.30 ,75,0
422,Shellos     ,Água    ,NULL     ,325,76,48,48,57,62,34,4,0,Roxo    ,    0.30 ,   6.30 ,190,0
423,Gastrodon   ,Água    ,Terra    ,475,111,83,68,92,82,39,4,0,Roxo    ,    0.89 ,  29.90 ,75,0
424,Ambipom     ,Normal   ,NULL     ,482,75,100,66,60,66,115,4,0,Roxo    ,    1.19 ,  20.30 ,45,0
425,Drifloon    ,Fantasma    ,Voador   ,348,90,50,34,60,44,70,4,0,Roxo    ,    0.41 ,   1.20 ,125,0
426,Drifblim    ,Fantasma    ,Voador   ,498,150,80,44,90,54,80,4,0,Roxo    ,    1.19 ,  15.00 ,60,0
427,Buneary     ,Normal   ,NULL     ,350,55,66,44,44,56,85,4,0,Marrom  ,    0.41 ,   5.50 ,190,0
428,Lopunny     ,Normal   ,NULL     ,480,65,76,84,54,96,105,4,0,Marrom  ,    1.19 ,  33.30 ,60,0
429,Mismagius   ,Fantasma    ,NULL     ,495,60,60,60,105,105,105,4,0,Roxo    ,    0.89 ,   4.40 ,45,0
430,Honchkrow   ,Sombrio  ,Voador   ,505,100,125,52,105,52,71,4,0,Preto   ,    0.89 ,  27.30 ,30,0
431,Glameow     ,Normal   ,NULL     ,310,49,55,42,42,37,85,4,0,Cinza   ,    0.51 ,   3.90 ,190,0
432,Purugly     ,Normal   ,NULL     ,452,71,82,64,64,59,112,4,0,Cinza   ,    0.99 ,  43.80 ,75,0
433,Chingling   ,Psíquico  ,NULL     ,285,45,30,50,65,50,45,4,0,Amarelo ,    0.20 ,   0.60 ,120,0
434,Stunky      ,Venenoso ,Sombrio  ,329,63,63,47,41,41,74,4,0,Roxo    ,    0.41 ,  19.20 ,225,0
435,Skuntank    ,Venenoso ,Sombrio  ,479,103,93,67,71,61,84,4,0,Roxo    ,    0.99 ,  38.00 ,60,0
436,Bronzor     ,Aço      ,Psíquico  ,300,57,24,86,24,86,23,4,0,Verde   ,    0.51 ,  60.50 ,255,0
437,Bronzong    ,Aço      ,Psíquico  ,500,67,89,116,79,116,33,4,0,Verde   ,    1.30 , 187.00 ,90,0
438,Bonsly      ,Pedra    ,NULL     ,290,50,80,95,10,45,10,4,0,Marrom  ,    0.51 ,  15.00 ,255,0
439,Mime_Jr.    ,Psíquico  ,Fada     ,310,20,25,45,70,90,60,4,0,Rosa    ,    0.61 ,  13.00 ,145,0
440,Happiny     ,Normal   ,NULL     ,220,100,5,5,15,65,30,4,0,Rosa    ,    0.61 ,  24.40 ,130,0
441,Chatot      ,Normal   ,Voador   ,411,76,65,45,92,42,91,4,0,Preto   ,    0.51 ,   1.90 ,30,0
442,Spiritomb   ,Fantasma    ,Sombrio  ,485,50,92,108,92,108,35,4,0,Roxo    ,    0.99 , 108.00 ,100,0
443,Gible       ,Dragão   ,Terra    ,300,58,70,45,40,45,42,4,0,Azul    ,    0.71 ,  20.50 ,45,0
444,Gabite      ,Dragão   ,Terra    ,410,68,90,65,50,55,82,4,0,Azul    ,    1.40 ,  56.00 ,45,0
445,Garchomp    ,Dragão   ,Terra    ,600,108,130,95,80,85,102,4,0,Azul    ,    1.91 ,  95.00 ,45,0
446,Munchlax    ,Normal   ,NULL     ,390,135,85,40,40,85,5,4,0,Preto   ,    0.61 , 105.00 ,50,0
447,Riolu       ,Lutador  ,NULL     ,285,40,70,40,35,40,60,4,0,Azul    ,    0.71 ,  20.20 ,75,0
448,Lucario     ,Lutador  ,Aço      ,525,70,110,70,115,70,90,4,0,Azul    ,    1.19 ,  54.00 ,45,0
449,Hippopotas  ,Terra    ,NULL     ,330,68,72,78,38,42,32,4,0,Marrom  ,    0.79 ,  49.50 ,140,0
450,Hippowdon   ,Terra    ,NULL     ,525,108,112,118,68,72,47,4,0,Marrom  ,    2.01 , 300.00 ,60,0
451,Skorupi     ,Venenoso ,Inseto      ,330,40,50,90,30,55,65,4,0,Roxo    ,    0.79 ,  12.00 ,120,0
452,Drapion     ,Venenoso ,Sombrio  ,500,70,90,110,60,75,95,4,0,Roxo    ,    1.30 ,  61.50 ,45,0
453,Croagunk    ,Venenoso ,Lutador  ,300,48,61,40,61,40,50,4,0,Azul    ,    0.71 ,  23.00 ,140,0
454,Toxicroak   ,Venenoso ,Lutador  ,490,83,106,65,86,65,85,4,0,Azul    ,    1.30 ,  44.40 ,75,0
455,Carnivine   ,Planta   ,NULL     ,454,74,100,72,90,72,46,4,0,Verde   ,    1.40 ,  27.00 ,200,0
456,Finneon     ,Água    ,NULL     ,330,49,49,56,49,61,66,4,0,Azul    ,    0.41 ,   7.00 ,190,0
457,Lumineon    ,Água    ,NULL     ,460,69,69,76,69,86,91,4,0,Azul    ,    1.19 ,  24.00 ,75,0
458,Mantyke     ,Água    ,Voador   ,345,45,20,50,60,120,50,4,0,Azul    ,    0.99 ,  65.00 ,25,0
459,Snover      ,Planta   ,Gelo     ,334,60,62,50,62,60,40,4,0,Branco   ,    0.99 ,  50.50 ,120,0
460,Abomasnow   ,Planta   ,Gelo     ,494,90,92,75,92,85,60,4,0,Branco   ,    2.21 , 135.50 ,60,0
461,Weavile     ,Sombrio  ,Gelo     ,510,70,120,65,45,85,125,4,0,Preto   ,    1.09 ,  34.00 ,45,0
462,Magnezone   ,Elétrico ,Aço      ,535,70,70,115,130,90,60,4,0,Cinza   ,    1.19 , 180.00 ,30,0
463,Lickilicky  ,Normal   ,NULL     ,515,110,85,95,80,95,50,4,0,Rosa    ,    1.70 , 140.00 ,30,0
464,Rhyperior   ,Terra    ,Pedra    ,535,115,140,130,55,55,40,4,0,Cinza   ,    2.39 , 282.80 ,30,0
465,Tangrowth   ,Planta   ,NULL     ,535,100,100,125,110,50,50,4,0,Azul    ,    2.01 , 128.60 ,30,0
466,Electivire  ,Elétrico ,NULL     ,540,75,123,67,95,85,95,4,0,Amarelo ,    1.80 , 138.60 ,30,0
467,Magmortar   ,Fogo     ,NULL     ,540,75,95,67,125,95,83,4,0,Vermelho     ,    1.60 ,  68.00 ,30,0
468,Togekiss    ,Fada     ,Voador   ,545,85,50,95,120,115,80,4,0,Branco   ,    1.50 ,  38.00 ,30,0
469,Yanmega     ,Inseto      ,Voador   ,515,86,76,86,116,56,95,4,0,Verde   ,    1.91 ,  51.50 ,30,0
470,Leafeon     ,Planta   ,NULL     ,525,65,110,130,60,65,95,4,0,Verde   ,    0.99 ,  25.50 ,45,0
471,Glaceon     ,Gelo     ,NULL     ,525,65,60,110,130,95,65,4,0,Azul    ,    0.79 ,  25.90 ,45,0
472,Gliscor     ,Terra    ,Voador   ,510,75,95,125,45,75,95,4,0,Roxo    ,    2.01 ,  42.50 ,30,0
473,Mamoswine   ,Gelo     ,Terra    ,530,110,130,80,70,60,80,4,0,Marrom  ,    2.49 , 291.00 ,50,0
474,Porygon-Z   ,Normal   ,NULL     ,535,85,80,70,135,75,90,4,0,Vermelho     ,    0.89 ,  34.00 ,30,0
475,Gallade     ,Psíquico  ,Lutador  ,518,68,125,65,65,115,80,4,0,Branco   ,    1.60 ,  52.00 ,45,0
476,Probopass   ,Pedra    ,Aço      ,525,60,55,145,75,150,40,4,0,Cinza   ,    1.40 , 340.00 ,60,0
477,Dusknoir    ,Fantasma    ,NULL     ,525,45,100,135,65,135,45,4,0,Preto   ,    2.21 , 106.60 ,45,0
478,Froslass    ,Gelo     ,Fantasma    ,480,70,80,70,80,70,110,4,0,Branco   ,    1.30 ,  26.60 ,75,0
479,Rotom       ,Elétrico ,Fantasma    ,440,50,50,77,95,77,91,4,0,Vermelho     ,    0.30 ,   0.30 ,45,0
480,Uxie        ,Psíquico  ,NULL     ,580,75,75,130,75,130,95,4,1,Amarelo ,    0.30 ,   0.30 ,3,0
481,Mesprit     ,Psíquico  ,NULL     ,580,80,105,105,105,105,80,4,1,Rosa    ,    0.30 ,   0.30 ,3,0
482,Azelf       ,Psíquico  ,NULL     ,580,75,125,70,125,70,115,4,1,Azul    ,    0.30 ,   0.30 ,3,0
483,Dialga      ,Aço      ,Dragão   ,680,100,120,120,150,100,90,4,1,Branco   ,    5.41 , 683.00 ,3,0
484,Palkia      ,Água    ,Dragão   ,680,90,120,100,150,120,100,4,1,Roxo    ,    4.19 , 336.00 ,3,0
485,Heatran     ,Fogo     ,Aço      ,600,91,90,106,130,106,77,4,1,Marrom  ,    1.70 , 430.00 ,3,0
486,Regigigas   ,Normal   ,NULL     ,670,110,160,110,80,110,100,4,1,Branco   ,    3.71 , 420.00 ,3,0
487,Giratina    ,Fantasma    ,Dragão   ,680,150,120,100,120,100,90,4,1,Preto   ,    6.91 , 650.00 ,3,0
488,Cresselia   ,Psíquico  ,NULL     ,600,120,70,120,75,130,85,4,0,Amarelo ,    1.50 ,  85.60 ,3,0
489,Phione      ,Água    ,NULL     ,480,80,80,80,80,80,80,4,0,Azul    ,    0.41 ,   3.10 ,30,0
490,Manaphy     ,Água    ,NULL     ,600,100,100,100,100,100,100,4,0,Azul    ,    0.30 ,   1.40 ,3,0
491,Darkrai     ,Sombrio  ,NULL     ,600,70,90,90,135,90,125,4,1,Preto   ,    1.50 ,  50.50 ,3,0
492,Shaymin     ,Planta   ,NULL     ,600,100,100,100,100,100,100,4,1,Verde   ,    0.20 ,   2.10 ,45,0
493,Arceus      ,Normal   ,NULL     ,720,120,120,120,120,120,120,4,1,Cinza   ,    3.20 , 320.00 ,3,0
494,Victini     ,Psíquico  ,Fogo     ,600,100,100,100,100,100,100,5,1,Amarelo ,    0.41 ,   4.00 ,3,0
495,Snivy       ,Planta   ,NULL     ,308,45,45,55,45,55,63,5,0,Verde   ,    0.61 ,   8.10 ,45,0
496,Servine     ,Planta   ,NULL     ,413,60,60,75,60,75,83,5,0,Verde   ,    0.79 ,  16.00 ,45,0
497,Serperior   ,Planta   ,NULL     ,528,75,75,95,75,95,113,5,0,Verde   ,    3.30 ,  63.00 ,45,0
498,Tepig       ,Fogo     ,NULL     ,308,65,63,45,45,45,45,5,0,Vermelho     ,    0.51 ,   9.90 ,45,0
499,Pignite     ,Fogo     ,Lutador  ,418,90,93,55,70,55,55,5,0,Vermelho     ,    0.99 ,  55.50 ,45,0
500,Emboar      ,Fogo     ,Lutador  ,528,110,123,65,100,65,65,5,0,Vermelho     ,    1.60 , 150.00 ,45,0
501,Oshawott    ,Água    ,NULL     ,308,55,55,45,63,45,45,5,0,Azul    ,    0.51 ,   5.90 ,45,0
502,Dewott      ,Água    ,NULL     ,413,75,75,60,83,60,60,5,0,Azul    ,    0.79 ,  24.50 ,45,0
503,Samurott    ,Água    ,NULL     ,528,95,100,85,108,70,70,5,0,Azul    ,    1.50 ,  94.60 ,45,0
504,Patrat      ,Normal   ,NULL     ,255,45,55,39,35,39,42,5,0,Marrom  ,    0.51 ,  11.60 ,255,0
505,Watchog     ,Normal   ,NULL     ,420,60,85,69,60,69,77,5,0,Marrom  ,    1.09 ,  27.00 ,255,0
506,Lillipup    ,Normal   ,NULL     ,275,45,60,45,25,45,55,5,0,Marrom  ,    0.41 ,   4.10 ,255,0
507,Herdier     ,Normal   ,NULL     ,370,65,80,65,35,65,60,5,0,Cinza   ,    0.89 ,  14.70 ,120,0
508,Stoutland   ,Normal   ,NULL     ,500,85,110,90,45,90,80,5,0,Cinza   ,    1.19 ,  61.00 ,45,0
509,Purrloin    ,Sombrio  ,NULL     ,281,41,50,37,50,37,66,5,0,Roxo    ,    0.41 ,  10.10 ,255,0
510,Liepard     ,Sombrio  ,NULL     ,446,64,88,50,88,50,106,5,0,Roxo    ,    1.09 ,  37.50 ,90,0
511,Pansage     ,Planta   ,NULL     ,316,50,53,48,53,48,64,5,0,Verde   ,    0.61 ,  10.50 ,190,0
512,Simisage    ,Planta   ,NULL     ,498,75,98,63,98,63,101,5,0,Verde   ,    1.09 ,  30.50 ,75,0
513,Pansear     ,Fogo     ,NULL     ,316,50,53,48,53,48,64,5,0,Vermelho     ,    0.61 ,  11.00 ,190,0
514,Simisear    ,Fogo     ,NULL     ,498,75,98,63,98,63,101,5,0,Vermelho     ,    0.99 ,  28.00 ,75,0
515,Panpour     ,Água    ,NULL     ,316,50,53,48,53,48,64,5,0,Azul    ,    0.61 ,  13.50 ,190,0
516,Simipour    ,Água    ,NULL     ,498,75,98,63,98,63,101,5,0,Azul    ,    0.99 ,  29.00 ,75,0
517,Munna       ,Psíquico  ,NULL     ,292,76,25,45,67,55,24,5,0,Rosa    ,    0.61 ,  23.30 ,190,0
518,Musharna    ,Psíquico  ,NULL     ,487,116,55,85,107,95,29,5,0,Rosa    ,    1.09 ,  60.50 ,75,0
519,Pidove      ,Normal   ,Voador   ,264,50,55,50,36,30,43,5,0,Cinza   ,    0.30 ,   2.10 ,255,0
520,Tranquill   ,Normal   ,Voador   ,358,62,77,62,50,42,65,5,0,Cinza   ,    0.61 ,  15.00 ,120,0
521,Unfezant    ,Normal   ,Voador   ,488,80,115,80,65,55,93,5,0,Cinza   ,    1.19 ,  29.00 ,45,0
522,Blitzle     ,Elétrico ,NULL     ,295,45,60,32,50,32,76,5,0,Preto   ,    0.79 ,  29.80 ,190,0
523,Zebstrika   ,Elétrico ,NULL     ,497,75,100,63,80,63,116,5,0,Preto   ,    1.60 ,  79.50 ,75,0
524,Roggenrola  ,Pedra    ,NULL     ,280,55,75,85,25,25,15,5,0,Azul    ,    0.41 ,  18.00 ,255,0
525,Boldore     ,Pedra    ,NULL     ,390,70,105,105,50,40,20,5,0,Azul    ,    0.89 , 102.00 ,120,0
526,Gigalith    ,Pedra    ,NULL     ,515,85,135,130,60,80,25,5,0,Azul    ,    1.70 , 260.00 ,45,0
527,Woobat      ,Psíquico  ,Voador   ,313,55,45,43,55,43,72,5,0,Azul    ,    0.41 ,   2.10 ,190,0
528,Swoobat     ,Psíquico  ,Voador   ,425,67,57,55,77,55,114,5,0,Azul    ,    0.89 ,  10.50 ,45,0
529,Drilbur     ,Terra    ,NULL     ,328,60,85,40,30,45,68,5,0,Cinza   ,    0.30 ,   8.50 ,120,0
530,Excadrill   ,Terra    ,Aço      ,508,110,135,60,50,65,88,5,0,Cinza   ,    0.71 ,  40.40 ,60,0
531,Audino      ,Normal   ,NULL     ,445,103,60,86,60,86,50,5,0,Rosa    ,    1.09 ,  31.00 ,255,0
532,Timburr     ,Lutador  ,NULL     ,305,75,80,55,25,35,35,5,0,Cinza   ,    0.61 ,  12.50 ,180,0
533,Gurdurr     ,Lutador  ,NULL     ,405,85,105,85,40,50,40,5,0,Cinza   ,    1.19 ,  40.00 ,90,0
534,Conkeldurr  ,Lutador  ,NULL     ,505,105,140,95,55,65,45,5,0,Cinza   ,    1.40 ,  87.00 ,45,0
535,Tympole     ,Água    ,NULL     ,294,50,50,40,50,40,64,5,0,Azul    ,    0.51 ,   4.50 ,255,0
536,Palpitoad   ,Água    ,Terra    ,384,75,65,55,65,55,69,5,0,Azul    ,    0.79 ,  17.00 ,120,0
537,Seismitoad  ,Água    ,Terra    ,509,105,95,75,85,75,74,5,0,Azul    ,    1.50 ,  62.00 ,45,0
538,Throh       ,Lutador  ,NULL     ,465,120,100,85,30,85,45,5,0,Vermelho     ,    1.30 ,  55.50 ,45,0
539,Sawk        ,Lutador  ,NULL     ,465,75,125,75,30,75,85,5,0,Azul    ,    1.40 ,  51.00 ,45,0
540,Sewaddle    ,Inseto      ,Planta   ,310,45,53,70,40,60,42,5,0,Amarelo ,    0.30 ,   2.50 ,255,0
541,Swadloon    ,Inseto      ,Planta   ,380,55,63,90,50,80,42,5,0,Verde   ,    0.51 ,   7.30 ,120,0
542,Leavanny    ,Inseto      ,Planta   ,500,75,103,80,70,80,92,5,0,Amarelo ,    1.19 ,  20.50 ,45,0
543,Venipede    ,Inseto      ,Venenoso ,260,30,45,59,30,39,57,5,0,Vermelho     ,    0.41 ,   5.30 ,255,0
544,Whirlipede  ,Inseto      ,Venenoso ,360,40,55,99,40,79,47,5,0,Cinza   ,    1.19 ,  58.50 ,120,0
545,Scolipede   ,Inseto      ,Venenoso ,485,60,100,89,55,69,112,5,0,Vermelho     ,    2.49 , 200.50 ,45,0
546,Cottonee    ,Planta   ,Fada     ,280,40,27,60,37,50,66,5,0,Verde   ,    0.30 ,   0.60 ,190,0
547,Whimsicott  ,Planta   ,Fada     ,480,60,67,85,77,75,116,5,0,Verde   ,    0.71 ,   6.60 ,75,0
548,Petilil     ,Planta   ,NULL     ,280,45,35,50,70,50,30,5,0,Verde   ,    0.51 ,   6.60 ,190,0
549,Lilligant   ,Planta   ,NULL     ,480,70,60,75,110,75,90,5,0,Verde   ,    1.09 ,  16.30 ,75,0
550,Basculin    ,Água    ,NULL     ,460,70,92,65,80,55,98,5,0,Verde   ,    0.99 ,  18.00 ,25,0
551,Sandile     ,Terra    ,Sombrio  ,292,50,72,35,35,35,65,5,0,Marrom  ,    0.71 ,  15.20 ,180,0
552,Krokorok    ,Terra    ,Sombrio  ,351,60,82,45,45,45,74,5,0,Marrom  ,    0.99 ,  33.40 ,90,0
553,Krookodile  ,Terra    ,Sombrio  ,519,95,117,80,65,70,92,5,0,Vermelho     ,    1.50 ,  96.30 ,45,0
554,Darumaka    ,Fogo     ,NULL     ,315,70,90,45,15,45,50,5,0,Vermelho     ,    0.61 ,  37.50 ,120,0
555,Darmanitan  ,Fogo     ,NULL     ,480,105,140,55,30,55,95,5,0,Vermelho     ,    1.30 ,  92.90 ,60,0
556,Maractus    ,Planta   ,NULL     ,461,75,86,67,106,67,60,5,0,Verde   ,    0.99 ,  28.00 ,255,0
557,Dwebble     ,Inseto      ,Pedra    ,325,50,65,85,35,35,55,5,0,Vermelho     ,    0.30 ,  14.50 ,190,0
558,Crustle     ,Inseto      ,Pedra    ,475,70,95,125,65,75,45,5,0,Vermelho     ,    1.40 , 200.00 ,75,0
559,Scraggy     ,Sombrio  ,Lutador  ,348,50,75,70,35,70,48,5,0,Amarelo ,    0.61 ,  11.80 ,180,0
560,Scrafty     ,Sombrio  ,Lutador  ,488,65,90,115,45,115,58,5,0,Vermelho     ,    1.09 ,  30.00 ,90,0
561,Sigilyph    ,Psíquico  ,Voador   ,490,72,58,80,103,80,97,5,0,Preto   ,    1.40 ,  14.00 ,45,0
562,Yamask      ,Fantasma    ,NULL     ,303,38,30,85,55,65,30,5,0,Preto   ,    0.51 ,   1.50 ,190,0
563,Cofagrigus  ,Fantasma    ,NULL     ,483,58,50,145,95,105,30,5,0,Amarelo ,    1.70 ,  76.50 ,90,0
564,Tirtouga    ,Água    ,Pedra    ,355,54,78,103,53,45,22,5,0,Azul    ,    0.71 ,  16.50 ,45,0
565,Carracosta  ,Água    ,Pedra    ,495,74,108,133,83,65,32,5,0,Azul    ,    1.19 ,  81.00 ,45,0
566,Archen      ,Pedra    ,Voador   ,401,55,112,45,74,45,70,5,0,Amarelo ,    0.51 ,   9.50 ,45,0
567,Archeops    ,Pedra    ,Voador   ,567,75,140,65,112,65,110,5,0,Amarelo ,    1.40 ,  32.00 ,45,0
568,Trubbish    ,Venenoso ,NULL     ,329,50,50,62,40,62,65,5,0,Verde   ,    0.61 ,  31.00 ,190,0
569,Garbodor    ,Venenoso ,NULL     ,474,80,95,82,60,82,75,5,0,Verde   ,    1.91 , 107.30 ,60,0
570,Zorua       ,Sombrio  ,NULL     ,330,40,65,40,80,40,65,5,0,Cinza   ,    0.71 ,  12.50 ,75,0
571,Zoroark     ,Sombrio  ,NULL     ,510,60,105,60,120,60,105,5,0,Cinza   ,    1.60 ,  81.10 ,45,0
572,Minccino    ,Normal   ,NULL     ,300,55,50,40,40,40,75,5,0,Cinza   ,    0.41 ,   5.80 ,255,0
573,Cinccino    ,Normal   ,NULL     ,470,75,95,60,65,60,115,5,0,Cinza   ,    0.51 ,   7.50 ,60,0
574,Gothita     ,Psíquico  ,NULL     ,290,45,30,50,55,65,45,5,0,Roxo    ,    0.41 ,   5.80 ,200,0
575,Gothorita   ,Psíquico  ,NULL     ,390,60,45,70,75,85,55,5,0,Roxo    ,    0.71 ,  18.00 ,100,0
576,Gothitelle  ,Psíquico  ,NULL     ,490,70,55,95,95,110,65,5,0,Roxo    ,    1.50 ,  44.00 ,50,0
577,Solosis     ,Psíquico  ,NULL     ,290,45,30,40,105,50,20,5,0,Verde   ,    0.30 ,   1.00 ,200,0
578,Duosion     ,Psíquico  ,NULL     ,370,65,40,50,125,60,30,5,0,Verde   ,    0.61 ,   8.00 ,100,0
579,Reuniclus   ,Psíquico  ,NULL     ,490,110,65,75,125,85,30,5,0,Verde   ,    0.99 ,  20.10 ,50,0
580,Ducklett    ,Água    ,Voador   ,305,62,44,50,44,50,55,5,0,Azul    ,    0.51 ,   5.50 ,190,0
581,Swanna      ,Água    ,Voador   ,473,75,87,63,87,63,98,5,0,Branco   ,    1.30 ,  24.20 ,45,0
582,Vanillite   ,Gelo     ,NULL     ,305,36,50,50,65,60,44,5,0,Branco   ,    0.41 ,   5.70 ,255,0
583,Vanillish   ,Gelo     ,NULL     ,395,51,65,65,80,75,59,5,0,Branco   ,    1.09 ,  41.00 ,120,0
584,Vanilluxe   ,Gelo     ,NULL     ,535,71,95,85,110,95,79,5,0,Branco   ,    1.30 ,  57.50 ,45,0
585,Deerling    ,Normal   ,Planta   ,335,60,60,50,40,50,75,5,0,Amarelo ,    0.61 ,  19.50 ,190,0
586,Sawsbuck    ,Normal   ,Planta   ,475,80,100,70,60,70,95,5,0,Marrom  ,    1.91 ,  92.50 ,75,0
587,Emolga      ,Elétrico ,Voador   ,428,55,75,60,75,60,103,5,0,Branco   ,    0.41 ,   5.00 ,200,0
588,Karrablast  ,Inseto      ,NULL     ,315,50,75,45,40,45,60,5,0,Azul    ,    0.51 ,   5.90 ,200,0
589,Escavalier  ,Inseto      ,Aço      ,495,70,135,105,60,105,20,5,0,Cinza   ,    0.99 ,  33.00 ,75,0
590,Foongus     ,Planta   ,Venenoso ,294,69,55,45,55,55,15,5,0,Branco   ,    0.20 ,   1.00 ,190,0
591,Amoonguss   ,Planta   ,Venenoso ,464,114,85,70,85,80,30,5,0,Cinza   ,    0.61 ,  10.50 ,75,0
592,Frillish    ,Água    ,Fantasma    ,335,55,40,50,65,85,40,5,0,Branco   ,    1.19 ,  33.00 ,190,0
593,Jellicent   ,Água    ,Fantasma    ,480,100,60,70,85,105,60,5,0,Branco   ,    2.21 , 135.00 ,60,0
594,Alomomola   ,Água    ,NULL     ,470,165,75,80,40,45,65,5,0,Rosa    ,    1.19 ,  31.60 ,75,0
595,Joltik      ,Inseto      ,Elétrico ,319,50,47,50,57,50,65,5,0,Amarelo ,    0.10 ,   0.60 ,190,0
596,Galvantula  ,Inseto      ,Elétrico ,472,70,77,60,97,60,108,5,0,Amarelo ,    0.79 ,  14.30 ,75,0
597,Ferroseed   ,Planta   ,Aço      ,305,44,50,91,24,86,10,5,0,Cinza   ,    0.61 ,  18.80 ,255,0
598,Ferrothorn  ,Planta   ,Aço      ,489,74,94,131,54,116,20,5,0,Cinza   ,    0.99 , 110.00 ,90,0
599,Klink       ,Aço      ,NULL     ,300,40,55,70,45,60,30,5,0,Cinza   ,    0.30 ,  21.00 ,130,0
600,Klang       ,Aço      ,NULL     ,440,60,80,95,70,85,50,5,0,Cinza   ,    0.61 ,  51.00 ,60,0
601,Klinklang   ,Aço      ,NULL     ,520,60,100,115,70,85,90,5,0,Cinza   ,    0.61 ,  81.00 ,30,0
602,Tynamo      ,Elétrico ,NULL     ,275,35,55,40,45,40,60,5,0,Branco   ,    0.20 ,   0.30 ,190,0
603,Eelektrik   ,Elétrico ,NULL     ,405,65,85,70,75,70,40,5,0,Azul    ,    1.19 ,  22.00 ,60,0
604,Eelektross  ,Elétrico ,NULL     ,515,85,115,80,105,80,50,5,0,Azul    ,    2.11 ,  80.50 ,30,0
605,Elgyem      ,Psíquico  ,NULL     ,335,55,55,55,85,55,30,5,0,Cinza   ,    0.51 ,   9.00 ,255,0
606,Beheeyem    ,Psíquico  ,NULL     ,485,75,75,75,125,95,40,5,0,Marrom  ,    0.99 ,  34.50 ,90,0
607,Litwick     ,Fantasma    ,Fogo     ,275,50,30,55,65,55,20,5,0,Branco   ,    0.30 ,   3.10 ,190,0
608,Lampent     ,Fantasma    ,Fogo     ,370,60,40,60,95,60,55,5,0,Preto   ,    0.61 ,  13.00 ,90,0
609,Chandelure  ,Fantasma    ,Fogo     ,520,60,55,90,145,90,80,5,0,Preto   ,    0.99 ,  34.30 ,45,0
610,Axew        ,Dragão   ,NULL     ,320,46,87,60,30,40,57,5,0,Verde   ,    0.61 ,  18.00 ,75,0
611,Fraxure     ,Dragão   ,NULL     ,410,66,117,70,40,50,67,5,0,Verde   ,    0.99 ,  36.00 ,60,0
612,Haxorus     ,Dragão   ,NULL     ,540,76,147,90,60,70,97,5,0,Amarelo ,    1.80 , 105.50 ,45,0
613,Cubchoo     ,Gelo     ,NULL     ,305,55,70,40,60,40,40,5,0,Azul    ,    0.51 ,   8.50 ,120,0
614,Beartic     ,Gelo     ,NULL     ,485,95,110,80,70,80,50,5,0,Branco   ,    2.59 , 260.00 ,60,0
615,Cryogonal   ,Gelo     ,NULL     ,485,70,50,30,95,135,105,5,0,Azul    ,    1.09 , 148.00 ,25,0
616,Shelmet     ,Inseto      ,NULL     ,305,50,40,85,40,65,25,5,0,Vermelho     ,    0.41 ,   7.70 ,200,0
617,Accelgor    ,Inseto      ,NULL     ,495,80,70,40,100,60,145,5,0,Vermelho     ,    0.79 ,  25.30 ,75,0
618,Stunfisk    ,Terra    ,Elétrico ,471,109,66,84,81,99,32,5,0,Marrom  ,    0.71 ,  11.00 ,75,0
619,Mienfoo     ,Lutador  ,NULL     ,350,45,85,50,55,50,65,5,0,Amarelo ,    0.89 ,  20.00 ,180,0
620,Mienshao    ,Lutador  ,NULL     ,510,65,125,60,95,60,105,5,0,Roxo    ,    1.40 ,  35.50 ,45,0
621,Druddigon   ,Dragão   ,NULL     ,485,77,120,90,60,90,48,5,0,Vermelho     ,    1.60 , 139.00 ,45,0
622,Golett      ,Terra    ,Fantasma    ,303,59,74,50,35,50,35,5,0,Verde   ,    0.99 ,  92.00 ,190,0
623,Golurk      ,Terra    ,Fantasma    ,483,89,124,80,55,80,55,5,0,Verde   ,    2.79 , 330.00 ,90,0
624,Pawniard    ,Sombrio  ,Aço      ,340,45,85,70,40,40,60,5,0,Vermelho     ,    0.51 ,  10.20 ,120,0
625,Bisharp     ,Sombrio  ,Aço      ,490,65,125,100,60,70,70,5,0,Vermelho     ,    1.60 ,  70.00 ,45,0
626,Bouffalant  ,Normal   ,NULL     ,490,95,110,95,40,95,55,5,0,Marrom  ,    1.60 ,  94.60 ,45,0
627,Rufflet     ,Normal   ,Voador   ,350,70,83,50,37,50,60,5,0,Branco   ,    0.51 ,  10.50 ,190,0
628,Braviary    ,Normal   ,Voador   ,510,100,123,75,57,75,80,5,0,Vermelho     ,    1.50 ,  41.00 ,60,0
629,Vullaby     ,Sombrio  ,Voador   ,370,70,55,75,45,65,60,5,0,Marrom  ,    0.51 ,   9.00 ,190,0
630,Mandibuzz   ,Sombrio  ,Voador   ,510,110,65,105,55,95,80,5,0,Marrom  ,    1.19 ,  39.50 ,60,0
631,Heatmor     ,Fogo     ,NULL     ,484,85,97,66,105,66,65,5,0,Vermelho     ,    1.40 ,  58.00 ,90,0
632,Durant      ,Inseto      ,Aço      ,484,58,109,112,48,48,109,5,0,Cinza   ,    0.30 ,  33.00 ,90,0
633,Deino       ,Sombrio  ,Dragão   ,300,52,65,50,45,50,38,5,0,Azul    ,    0.79 ,  17.30 ,45,0
634,Zweilous    ,Sombrio  ,Dragão   ,420,72,85,70,65,70,58,5,0,Azul    ,    1.40 ,  50.00 ,45,0
635,Hydreigon   ,Sombrio  ,Dragão   ,600,92,105,90,125,90,98,5,0,Azul    ,    1.80 , 160.00 ,45,0
636,Larvesta    ,Inseto      ,Fogo     ,360,55,85,55,50,55,60,5,0,Branco   ,    1.09 ,  28.80 ,45,0
637,Volcarona   ,Inseto      ,Fogo     ,550,85,60,65,135,105,100,5,0,Branco   ,    1.60 ,  46.00 ,15,0
638,Cobalion    ,Aço      ,Lutador  ,580,91,90,129,90,72,108,5,1,Azul    ,    2.11 , 250.00 ,3,0
639,Terrakion   ,Pedra    ,Lutador  ,580,91,129,90,72,90,108,5,1,Cinza   ,    1.91 , 260.00 ,3,0
640,Virizion    ,Planta   ,Lutador  ,580,91,90,72,90,129,108,5,1,Verde   ,    2.01 , 200.00 ,3,0
641,Tornadus    ,Voador   ,NULL     ,580,79,115,70,125,80,111,5,1,Verde   ,    1.50 ,  63.00 ,3,0
642,Thundurus   ,Elétrico ,Voador   ,580,79,115,70,125,80,111,5,1,Azul    ,    1.50 ,  61.00 ,3,0
643,Reshiram    ,Dragão   ,Fogo     ,680,100,120,100,150,120,90,5,1,Branco   ,    3.20 , 330.00 ,3,0
644,Zekrom      ,Dragão   ,Elétrico ,680,100,150,120,120,100,90,5,1,Preto   ,    2.90 , 345.00 ,3,0
645,Landorus    ,Terra    ,Voador   ,600,89,125,90,115,80,101,5,1,Marrom  ,    1.50 ,  68.00 ,3,0
646,Kyurem      ,Dragão   ,Gelo     ,660,125,130,90,130,90,95,5,1,Cinza   ,    3.00 , 325.00 ,3,0
647,Keldeo      ,Água    ,Lutador  ,580,91,72,90,129,90,108,5,0,Amarelo ,    1.40 ,  48.50 ,3,0
648,Meloetta    ,Normal   ,Psíquico  ,600,100,77,77,128,128,90,5,0,Branco   ,    0.61 ,   6.50 ,3,0
649,Genesect    ,Inseto      ,Aço      ,600,71,120,95,120,95,99,5,0,Roxo    ,    1.50 ,  82.50 ,3,0
650,Chespin     ,Planta   ,NULL     ,313,56,61,65,48,45,38,6,0,Verde   ,    0.41 ,   9.00 ,45,0
651,Quilladin   ,Planta   ,NULL     ,405,61,78,95,56,58,57,6,0,Verde   ,    0.71 ,  29.00 ,45,0
652,Chesnaught  ,Planta   ,Lutador  ,530,88,107,122,74,75,64,6,0,Verde   ,    1.60 ,  90.00 ,45,0
653,Fennekin    ,Fogo     ,NULL     ,307,40,45,40,62,60,60,6,0,Vermelho     ,    0.41 ,   9.40 ,45,0
654,Braixen     ,Fogo     ,NULL     ,409,59,59,58,90,70,73,6,0,Vermelho     ,    0.99 ,  14.50 ,45,0
655,Delphox     ,Fogo     ,Psíquico  ,534,75,69,72,114,100,104,6,0,Vermelho     ,    1.50 ,  39.00 ,45,0
656,Froakie     ,Água    ,NULL     ,314,41,56,40,62,44,71,6,0,Azul    ,    0.30 ,   7.00 ,45,0
657,Frogadier   ,Água    ,NULL     ,405,54,63,52,83,56,97,6,0,Azul    ,    0.61 ,  10.90 ,45,0
658,Greninja    ,Água    ,Sombrio  ,530,72,95,67,103,71,122,6,0,Azul    ,    1.50 ,  40.00 ,45,0
659,Bunnelby    ,Normal   ,NULL     ,237,38,36,38,32,36,57,6,0,Marrom  ,    0.41 ,   5.00 ,255,0
660,Diggersby   ,Normal   ,Terra    ,423,85,56,77,50,77,78,6,0,Marrom  ,    0.99 ,  42.40 ,127,0
661,Fletchling  ,Normal   ,Voador   ,278,45,50,43,40,38,62,6,0,Vermelho     ,    0.30 ,   1.70 ,255,0
662,Fletchinder ,Fogo     ,Voador   ,382,62,73,55,56,52,84,6,0,Vermelho     ,    0.71 ,  16.00 ,120,0
663,Talonflame  ,Fogo     ,Voador   ,499,78,81,71,74,69,126,6,0,Vermelho     ,    1.19 ,  24.50 ,45,0
664,Scatterbug  ,Inseto      ,NULL     ,200,38,35,40,27,25,35,6,0,Preto   ,    0.30 ,   2.50 ,255,0
665,Spewpa      ,Inseto      ,NULL     ,213,45,22,60,27,30,29,6,0,Preto   ,    0.30 ,   8.40 ,120,0
666,Vivillon    ,Inseto      ,Voador   ,411,80,52,50,90,50,89,6,0,Preto   ,    1.19 ,  17.00 ,45,0
667,Litleo      ,Fogo     ,Normal   ,369,62,50,58,73,54,72,6,0,Marrom  ,    0.61 ,  13.50 ,220,0
668,Pyroar      ,Fogo     ,Normal   ,507,86,68,72,109,66,106,6,0,Marrom  ,    1.50 ,  81.50 ,65,0
669,Flabébé     ,Fada     ,NULL     ,303,44,38,39,61,79,42,6,0,Branco   ,    0.10 ,   0.10 ,225,0
670,Floette     ,Fada     ,NULL     ,371,54,45,47,75,98,52,6,0,Branco   ,    0.20 ,   0.90 ,120,0
671,Florges     ,Fada     ,NULL     ,552,78,65,68,112,154,75,6,0,Branco   ,    1.09 ,  10.00 ,45,0
672,Skiddo      ,Planta   ,NULL     ,350,66,65,48,62,57,52,6,0,Marrom  ,    0.89 ,  31.00 ,200,0
673,Gogoat      ,Planta   ,NULL     ,531,123,100,62,97,81,68,6,0,Marrom  ,    1.70 ,  91.00 ,45,0
674,Pancham     ,Lutador  ,NULL     ,348,67,82,62,46,48,43,6,0,Branco   ,    0.61 ,   8.00 ,220,0
675,Pangoro     ,Lutador  ,Sombrio  ,495,95,124,78,69,71,58,6,0,Branco   ,    2.11 , 136.00 ,65,0
676,Furfrou     ,Normal   ,NULL     ,472,75,80,60,65,90,102,6,0,Branco   ,    1.19 ,  28.00 ,160,0
677,Espurr      ,Psíquico  ,NULL     ,355,62,48,54,63,60,68,6,0,Cinza   ,    0.30 ,   3.50 ,190,0
678,Meowstic    ,Psíquico  ,NULL     ,466,74,48,76,83,81,104,6,0,Branco   ,    0.61 ,   8.50 ,75,0
679,Honedge     ,Aço      ,Fantasma    ,325,45,80,100,35,37,28,6,0,Marrom  ,    0.79 ,   2.00 ,180,0
680,Doublade    ,Aço      ,Fantasma    ,448,59,110,150,45,49,35,6,0,Marrom  ,    0.84 ,   4.50 ,90,0
681,Aegislash   ,Aço      ,Fantasma    ,520,60,50,150,50,150,60,6,0,Marrom  ,    1.70 ,  53.00 ,45,0
682,Spritzee    ,Fada     ,NULL     ,341,78,52,60,63,65,23,6,0,Rosa    ,    0.20 ,   0.50 ,200,0
683,Aromatisse  ,Fada     ,NULL     ,462,101,72,72,99,89,29,6,0,Rosa    ,    0.79 ,  15.50 ,140,0
684,Swirlix     ,Fada     ,NULL     ,341,62,48,66,59,57,49,6,0,Branco   ,    0.41 ,   3.50 ,200,0
685,Slurpuff    ,Fada     ,NULL     ,480,82,80,86,85,75,72,6,0,Branco   ,    0.79 ,   5.00 ,140,0
686,Inkay       ,Sombrio  ,Psíquico  ,288,53,54,53,37,46,45,6,0,Azul    ,    0.41 ,   3.50 ,190,0
687,Malamar     ,Sombrio  ,Psíquico  ,482,86,92,88,68,75,73,6,0,Azul    ,    1.50 ,  47.00 ,80,0
688,Binacle     ,Pedra    ,Água    ,306,42,52,67,39,56,50,6,0,Marrom  ,    0.51 ,  31.00 ,120,0
689,Barbaracle  ,Pedra    ,Água    ,500,72,105,115,54,86,68,6,0,Marrom  ,    1.30 ,  96.00 ,45,0
690,Skrelp      ,Venenoso ,Água    ,320,50,60,60,60,60,30,6,0,Marrom  ,    0.51 ,   7.30 ,225,0
691,Dragalge    ,Venenoso ,Dragão   ,494,65,75,90,97,123,44,6,0,Marrom  ,    1.80 ,  81.50 ,55,0
692,Clauncher   ,Água    ,NULL     ,330,50,53,62,58,63,44,6,0,Azul    ,    0.51 ,   8.30 ,225,0
693,Clawitzer   ,Água    ,NULL     ,500,71,73,88,120,89,59,6,0,Azul    ,    1.30 ,  35.30 ,55,0
694,Helioptile  ,Elétrico ,Normal   ,289,44,38,33,61,43,70,6,0,Amarelo ,    0.51 ,   6.00 ,190,0
695,Heliolisk   ,Elétrico ,Normal   ,481,62,55,52,109,94,109,6,0,Amarelo ,    0.99 ,  21.00 ,75,0
696,Tyrunt      ,Pedra    ,Dragão   ,362,58,89,77,45,45,48,6,0,Marrom  ,    0.79 ,  26.00 ,45,0
697,Tyrantrum   ,Pedra    ,Dragão   ,521,82,121,119,69,59,71,6,0,Vermelho     ,    2.49 , 270.00 ,45,0
698,Amaura      ,Pedra    ,Gelo     ,362,77,59,50,67,63,46,6,0,Azul    ,    1.30 ,  25.20 ,45,0
699,Aurorus     ,Pedra    ,Gelo     ,521,123,77,72,99,92,58,6,0,Azul    ,    2.69 , 225.00 ,45,0
700,Sylveon     ,Fada     ,NULL     ,525,95,65,65,110,130,60,6,0,Rosa    ,    0.99 ,  23.50 ,45,0
701,Hawlucha    ,Lutador  ,Voador   ,500,78,92,75,74,63,118,6,0,Verde   ,    0.79 ,  21.50 ,100,0
702,Dedenne     ,Elétrico ,Fada     ,431,67,58,57,81,67,101,6,0,Amarelo ,    0.20 ,   2.20 ,180,0
703,Carbink     ,Pedra    ,Fada     ,500,50,50,150,50,150,50,6,0,Cinza   ,    0.30 ,   5.70 ,60,0
704,Goomy       ,Dragão   ,NULL     ,300,45,50,35,55,75,40,6,0,Roxo    ,    0.30 ,   2.80 ,45,0
705,Sliggoo     ,Dragão   ,NULL     ,452,68,75,53,83,113,60,6,0,Roxo    ,    0.79 ,  17.50 ,45,0
706,Goodra      ,Dragão   ,NULL     ,600,90,100,70,110,150,80,6,0,Roxo    ,    2.01 , 150.50 ,45,0
707,Klefki      ,Aço      ,Fada     ,470,57,80,91,80,87,75,6,0,Cinza   ,    0.20 ,   3.00 ,75,0
708,Phantump    ,Fantasma    ,Planta   ,309,43,70,48,50,60,38,6,0,Marrom  ,    0.41 ,   7.00 ,120,0
709,Trevenant   ,Fantasma    ,Planta   ,474,85,110,76,65,82,56,6,0,Marrom  ,    1.50 ,  71.00 ,60,0
710,Pumpkaboo   ,Fantasma    ,Planta   ,335,49,66,70,44,55,51,6,0,Marrom  ,    0.41 ,   5.00 ,120,0
711,Gourgeist   ,Fantasma    ,Planta   ,494,65,90,122,58,75,84,6,0,Marrom  ,    1.70 ,  39.00 ,60,0
712,Bergmite    ,Gelo     ,NULL     ,304,55,69,85,32,35,28,6,0,Azul    ,    0.99 ,  99.50 ,190,0
713,Avalugg     ,Gelo     ,NULL     ,514,95,117,184,44,46,28,6,0,Azul    ,    2.01 , 505.00 ,55,0
714,Noibat      ,Voador   ,Dragão   ,245,40,30,35,45,40,55,6,0,Roxo    ,    0.51 ,   8.00 ,190,0
715,Noivern     ,Voador   ,Dragão   ,535,85,70,80,97,80,123,6,0,Roxo    ,    1.50 ,  85.00 ,45,0
716,Xerneas     ,Fada     ,NULL     ,680,126,131,95,131,98,99,6,1,Azul    ,    3.00 , 215.00 ,45,0
717,Yveltal     ,Sombrio  ,Voador   ,680,126,131,95,131,98,99,6,1,Vermelho     ,    5.79 , 203.00 ,45,0
718,Zygarde     ,Dragão   ,Terra    ,600,108,100,121,81,95,95,6,1,Verde   ,    5.00 , 305.00 ,3,0
719,Diancie     ,Pedra    ,Fada     ,600,50,100,150,100,150,50,6,1,Rosa    ,    0.71 ,   8.80 ,3,0
720,Hoopa       ,Psíquico  ,Fantasma    ,600,80,110,60,150,130,70,6,1,Roxo    ,    0.51 ,   9.00 ,3,0
721,Volcanion   ,Fogo     ,Água    ,600,80,110,120,130,90,70,6,1,Marrom  ,    1.70 , 195.00 ,3,0
